day,date,time,operator,branch,driver,temperature,bill,pizzas,free_wine,got_wine,discount_customer
Thursday,01-May-14,35.12836705,Laura,East,Bruno,68.2877161,58.4,4,0,0,1
Thursday,01-May-14,25.20307368,Melissa,East,Salvatore,70.99779078,26.4,2,0,0,0
Thursday,01-May-14,45.64340414,Melissa,West,Salvatore,53.39414515,58.1,3,1,0,0
Thursday,01-May-14,29.3742975,Melissa,East,Salvatore,70.30659627,35.2,3,0,0,0
Thursday,01-May-14,29.9946103,Melissa,West,Salvatore,71.50168775,38.4,2,0,0,0
Thursday,01-May-14,40.25432119,Melissa,Centre,Bruno,60.7595043,61.8,4,1,1,0
Thursday,01-May-14,48.72860983,Laura,West,Bruno,58.25869678,57.9,3,1,1,0
Thursday,01-May-14,34.02772224,Melissa,West,Mario,68.127927,35.8,2,0,0,0
Thursday,01-May-14,28.20942882,Laura,Centre,Mario,64.94660654,36.6,2,0,0,0
Thursday,01-May-14,37.95479246,Melissa,Centre,Bruno,60.00737905,44.8,5,0,0,0
Thursday,01-May-14,42.07956336,Melissa,Centre,Bruno,65.53871672,49.5,4,1,0,0
Thursday,01-May-14,24.8079371,Laura,East,Mario,62.78966823,49.7,3,0,0,0
Thursday,01-May-14,28.3202182,Melissa,West,Mario,69.88133117,41.1,1,0,0,0
Thursday,01-May-14,25.45197666,Melissa,Centre,Salvatore,74.86141416,42.9,1,0,0,0
Thursday,01-May-14,23.78428051,Laura,West,Bruno,64.62645622,25.9,1,0,0,0
Thursday,01-May-14,40.71920797,Melissa,West,Salvatore,71.2169528,41.5,6,1,1,0
Thursday,01-May-14,26.13680395,Melissa,Centre,Mario,59.66240621,34.9,3,0,0,0
Thursday,01-May-14,41.77403348,Melissa,East,Bruno,65.92436974,42.4,4,1,1,1
Thursday,01-May-14,25.15866869,Laura,East,Mario,75.12394691,27.3,1,0,0,0
Thursday,01-May-14,36.73024497,Melissa,Centre,Bruno,65.80071131,47.7,4,0,0,1
Thursday,01-May-14,47.78338109,Melissa,Centre,Mario,66.10352682,63.7,2,1,1,1
Thursday,01-May-14,35.19658143,Laura,East,Salvatore,66.17844887,31.3,3,0,0,0
Thursday,01-May-14,30.64514292,Melissa,West,Bruno,66.54460279,62.7,4,0,0,1
Thursday,01-May-14,25.011874,Melissa,East,Salvatore,62.48673985,37.7,1,0,0,0
Thursday,01-May-14,44.28090194,Melissa,Centre,Bruno,60.66103032,47.5,3,1,1,0
Thursday,01-May-14,37.98576071,Melissa,Centre,Bruno,49.30972228,61.3,6,0,0,0
Thursday,01-May-14,26.35592633,Laura,Centre,Salvatore,68.2157424,48.9,5,0,0,0
Thursday,01-May-14,31.66187045,Melissa,West,Salvatore,63.41107827,27,2,0,0,0
Thursday,01-May-14,31.52627988,Melissa,West,Mario,70.26729044,45.5,3,0,0,0
Thursday,01-May-14,40.89840737,Melissa,West,Salvatore,63.38302467,49.6,6,1,1,0
Thursday,01-May-14,32.76256486,Laura,West,Mario,64.18772587,52.9,1,0,0,0
Thursday,01-May-14,27.61661739,Laura,East,Salvatore,55.33521271,24.7,1,0,0,1
Thursday,01-May-14,37.52441972,Melissa,West,Bruno,62.75530931,36.9,2,0,0,0
Thursday,01-May-14,33.27723971,Laura,West,Salvatore,67.65973631,37.6,2,0,0,0
Thursday,01-May-14,18.63962344,Laura,East,Bruno,87.58242206,19.5,1,0,0,0
Thursday,01-May-14,32.94450818,Melissa,East,Mario,50.41912956,41.3,3,0,0,0
Thursday,01-May-14,29.2574891,Laura,East,Bruno,55.39851821,35.3,3,0,0,0
Thursday,01-May-14,44.98236823,Laura,Centre,Mario,66.21841365,56.9,4,1,1,1
Thursday,01-May-14,38.95568874,Laura,West,Bruno,69.90594906,32.3,4,0,0,0
Thursday,01-May-14,39.40220284,Melissa,West,Salvatore,54.23551512,48.6,3,0,0,0
Thursday,01-May-14,19.30446178,Melissa,East,Salvatore,77.99985745,19.1,1,0,0,1
Thursday,01-May-14,40.32656204,Melissa,West,Salvatore,56.87606055,49.9,4,1,1,0
Thursday,01-May-14,29.28194438,Laura,Centre,Salvatore,61.99914129,48.8,3,0,0,1
Thursday,01-May-14,45.97845645,Melissa,West,Mario,62.49788882,48,3,1,1,0
Thursday,01-May-14,38.98661877,Laura,West,Mario,68.47487232,36.6,2,0,0,0
Thursday,01-May-14,35.36586604,Melissa,East,Salvatore,66.33905414,29.3,3,0,0,1
Thursday,01-May-14,32.14853175,Melissa,West,Salvatore,61.73810292,35.9,4,0,0,0
Thursday,01-May-14,38.22429021,Laura,Centre,Salvatore,66.21545615,51.6,4,0,0,0
Thursday,01-May-14,36.10071341,Laura,Centre,Bruno,64.0372866,45.2,3,0,0,1
Thursday,01-May-14,48.50988612,Melissa,West,Mario,58.99078716,43.3,2,1,1,1
Friday,02-May-14,22.30822216,Laura,East,Salvatore,73.21093606,37.2,3,0,0,1
Friday,02-May-14,29.84432511,Melissa,West,Bruno,63.38925778,42.3,7,0,0,0
Friday,02-May-14,30.49356112,Melissa,West,Luigi,54.61839846,48.4,3,0,0,0
Friday,02-May-14,37.85315349,Laura,Centre,Luigi,59.81781149,41.2,3,0,0,0
Friday,02-May-14,24.33818316,Laura,East,Mario,65.5641164,53.1,2,0,0,1
Friday,02-May-14,34.34324805,Melissa,East,Luigi,70.99617445,37.1,2,0,0,0
Friday,02-May-14,29.60602601,Melissa,West,Luigi,68.03774122,46.5,3,0,0,0
Friday,02-May-14,35.0471438,Laura,East,Mario,57.10000615,48.5,1,0,0,0
Friday,02-May-14,32.83409468,Melissa,West,Bruno,54.0862382,35.6,2,0,0,0
Friday,02-May-14,33.62529677,Laura,Centre,Salvatore,48.90812457,49.1,5,0,0,0
Friday,02-May-14,37.94889435,Melissa,West,Luigi,61.46414944,41.4,3,0,0,1
Friday,02-May-14,42.36846363,Melissa,Centre,Salvatore,61.44055787,47.9,4,1,1,1
Friday,02-May-14,33.13350347,Laura,West,Mario,63.71827571,38.6,3,0,0,1
Friday,02-May-14,32.44406002,Melissa,West,Luigi,69.74680752,47.8,1,0,0,0
Friday,02-May-14,41.75583486,Melissa,Centre,Mario,59.49071455,43,2,1,1,1
Friday,02-May-14,32.51006684,Laura,East,Salvatore,52.49850834,41,3,0,0,1
Friday,02-May-14,26.14415864,Melissa,West,Salvatore,47.42635265,47,4,0,0,1
Friday,02-May-14,42.86877612,Melissa,Centre,Luigi,61.11865692,35.6,4,1,1,0
Friday,02-May-14,33.40350813,Laura,Centre,Luigi,58.95042903,42.8,1,0,0,0
Friday,02-May-14,46.7001996,Melissa,Centre,Salvatore,53.40105089,60.6,3,1,0,0
Friday,02-May-14,37.08733826,Melissa,West,Luigi,63.34438523,42.8,4,0,0,1
Friday,02-May-14,34.23143081,Laura,East,Salvatore,56.02562853,52.8,4,0,0,0
Friday,02-May-14,16.68867305,Laura,East,Mario,87.2532692,10.8,1,0,0,0
Friday,02-May-14,38.46664616,Melissa,East,Luigi,64.39103013,43.2,1,0,0,1
Friday,02-May-14,31.98324613,Melissa,West,Bruno,62.48878012,52.4,3,0,0,1
Friday,02-May-14,38.87199535,Laura,East,Mario,62.62034229,50.5,3,0,0,0
Friday,02-May-14,28.77064393,Melissa,East,Bruno,73.14820997,35.5,1,0,0,0
Friday,02-May-14,28.96917614,Laura,West,Bruno,64.06286935,39.9,3,0,0,0
Friday,02-May-14,43.55574846,Melissa,East,Luigi,73.9755373,47.6,1,1,0,1
Friday,02-May-14,41.94352175,Melissa,West,Salvatore,59.96784855,36.4,3,1,1,0
Friday,02-May-14,41.29890985,Laura,Centre,Salvatore,54.4367242,37.4,3,1,1,0
Friday,02-May-14,37.95349866,Melissa,Centre,Luigi,61.50658042,49,3,0,0,1
Friday,02-May-14,29.55006204,Laura,East,Mario,69.46227526,33,3,0,0,0
Friday,02-May-14,39.26507913,Laura,West,Salvatore,65.45429409,31.9,4,0,0,0
Friday,02-May-14,34.84058188,Melissa,Centre,Bruno,59.46173415,44.2,3,0,0,1
Friday,02-May-14,41.55905227,Laura,Centre,Bruno,55.76329463,57.9,3,1,1,0
Friday,02-May-14,46.97457555,Laura,West,Bruno,58.2481946,42.1,3,1,1,0
Friday,02-May-14,30.23817164,Melissa,East,Luigi,62.68057475,32.2,2,0,0,0
Friday,02-May-14,35.40792328,Laura,West,Mario,54.66753007,40.3,4,0,0,1
Friday,02-May-14,41.90333312,Laura,Centre,Luigi,67.27132466,38.9,3,1,1,0
Friday,02-May-14,24.08722491,Melissa,West,Luigi,71.41701894,46.3,1,0,0,1
Friday,02-May-14,25.61931485,Melissa,East,Luigi,66.59543413,63.9,3,0,0,0
Friday,02-May-14,34.90374235,Melissa,Centre,Bruno,63.72434286,57.4,3,0,0,1
Friday,02-May-14,33.83440453,Laura,West,Mario,68.86363449,34.1,3,0,0,1
Friday,02-May-14,33.04304894,Melissa,West,Salvatore,60.75604969,34.6,5,0,0,0
Friday,02-May-14,26.09399852,Melissa,West,Luigi,50.63593709,43.2,5,0,0,0
Friday,02-May-14,37.94865815,Melissa,West,Bruno,63.22911411,55.6,3,0,0,0
Friday,02-May-14,31.06694366,Melissa,Centre,Mario,71.00678755,34.5,4,0,0,0
Friday,02-May-14,34.12602336,Laura,West,Mario,66.00691523,31.8,2,0,0,0
Friday,02-May-14,28.0023063,Melissa,West,Luigi,65.24387437,36.4,1,0,0,1
Friday,02-May-14,30.35180683,Laura,East,Salvatore,68.25253737,31.7,1,0,0,0
Saturday,03-May-14,34.28993704,Laura,West,Mario,60.98162005,49.5,4,0,0,0
Saturday,03-May-14,41.70236448,Laura,West,Bruno,62.72349706,54.4,1,1,0,0
Saturday,03-May-14,37.72953885,Laura,West,Bruno,64.45005716,46.6,4,0,0,0
Saturday,03-May-14,34.89903814,Laura,Centre,Salvatore,58.20153733,43,4,0,0,0
Saturday,03-May-14,45.03009046,Melissa,West,Mario,70.08781707,23.7,1,1,1,1
Saturday,03-May-14,31.14357208,Melissa,Centre,Bruno,64.24892634,37.5,2,0,0,0
Saturday,03-May-14,32.51957547,Laura,West,Bruno,47.02875322,38.7,4,0,0,0
Saturday,03-May-14,34.38203301,Laura,West,Luigi,55.61443199,35.6,3,0,0,0
Saturday,03-May-14,33.60271429,Melissa,East,Domenico,72.76962701,28.2,4,0,0,0
Saturday,03-May-14,30.79883056,Melissa,West,Mario,63.37900441,38.1,3,0,0,0
Saturday,03-May-14,36.23512515,Melissa,Centre,Mario,54.27333907,67.6,5,0,0,1
Saturday,03-May-14,28.44571401,Melissa,West,Luigi,60.27341692,25.2,2,0,0,0
Saturday,03-May-14,33.11243595,Melissa,West,Salvatore,61.71282629,46.2,5,0,0,0
Saturday,03-May-14,32.91755977,Laura,Centre,Salvatore,57.57074465,40.4,2,0,0,0
Saturday,03-May-14,46.39115749,Laura,Centre,Salvatore,54.70820425,54.8,7,1,1,0
Saturday,03-May-14,35.59925592,Melissa,East,Luigi,73.5453784,28.6,2,0,0,0
Saturday,03-May-14,29.77455946,Melissa,West,Mario,49.52433456,28.3,2,0,0,0
Saturday,03-May-14,39.28368893,Melissa,Centre,Mario,64.41143787,26,2,0,0,0
Saturday,03-May-14,43.60047662,Laura,Centre,Mario,58.0444709,44,6,1,1,0
Saturday,03-May-14,31.62040857,Melissa,Centre,Salvatore,64.37735094,45.6,4,0,0,0
Saturday,03-May-14,38.15975621,Laura,Centre,Mario,61.06695791,52.3,3,0,0,1
Saturday,03-May-14,29.50025534,Laura,West,Luigi,63.58434736,45.5,2,0,0,0
Saturday,03-May-14,40.34962154,Laura,East,Luigi,67.07077022,47.4,2,1,1,0
Saturday,03-May-14,27.69885303,Laura,Centre,Luigi,52.76287856,31.4,5,0,0,0
Saturday,03-May-14,35.66707219,Laura,East,Salvatore,63.80710574,42.4,2,0,0,0
Saturday,03-May-14,42.26400624,Laura,East,Domenico,76.51731012,23.5,2,1,1,0
Saturday,03-May-14,20.23800118,Melissa,East,Domenico,71.80494949,44.6,2,0,0,0
Saturday,03-May-14,40.50586444,Laura,East,Bruno,62.28414557,41.3,3,1,1,0
Saturday,03-May-14,33.55627988,Laura,West,Mario,61.09346191,47.2,4,0,0,0
Saturday,03-May-14,33.78556111,Laura,West,Bruno,59.19106561,36,5,0,0,0
Saturday,03-May-14,34.24004521,Laura,East,Mario,62.98725704,36.8,3,0,0,0
Saturday,03-May-14,26.47333203,Melissa,Centre,Domenico,68.54695995,29.8,1,0,0,0
Saturday,03-May-14,43.75923912,Melissa,West,Salvatore,51.29519977,41.8,2,1,0,0
Saturday,03-May-14,35.91095158,Melissa,East,Bruno,66.82868179,38,3,0,0,1
Saturday,03-May-14,24.83953658,Melissa,East,Luigi,66.77670069,19.6,1,0,0,0
Saturday,03-May-14,46.45084239,Melissa,West,Mario,59.62312506,42.2,3,1,1,0
Saturday,03-May-14,31.37609305,Melissa,East,Mario,55.9446167,33.7,2,0,0,0
Saturday,03-May-14,37.72796994,Melissa,Centre,Bruno,60.94293378,35.6,3,0,0,0
Saturday,03-May-14,25.38388004,Melissa,East,Domenico,71.01775537,31.3,3,0,0,0
Saturday,03-May-14,32.95608639,Laura,East,Mario,62.01930997,38.6,6,0,0,0
Saturday,03-May-14,34.60239851,Laura,West,Bruno,60.1710803,50.7,5,0,0,0
Saturday,03-May-14,34.36258778,Laura,West,Salvatore,54.86255796,30.6,4,0,0,0
Saturday,03-May-14,28.70386669,Melissa,East,Domenico,74.37361988,22.4,2,0,0,0
Saturday,03-May-14,40.62227361,Melissa,West,Salvatore,59.84325225,45.5,5,1,1,0
Saturday,03-May-14,32.26548946,Melissa,West,Bruno,57.71866222,42.1,3,0,0,0
Saturday,03-May-14,30.66123421,Melissa,East,Domenico,69.96366155,35.2,2,0,0,0
Saturday,03-May-14,34.59581904,Melissa,Centre,Salvatore,54.4034439,59.6,3,0,0,0
Saturday,03-May-14,28.43629652,Laura,West,Mario,58.69793825,36.2,2,0,0,1
Saturday,03-May-14,33.37903638,Laura,Centre,Salvatore,57.75110511,44.9,4,0,0,1
Saturday,03-May-14,27.78798052,Melissa,West,Bruno,69.10677284,30.1,1,0,0,1
Saturday,03-May-14,34.83556018,Laura,Centre,Mario,56.90560878,48.6,3,0,0,0
Saturday,03-May-14,38.64262909,Melissa,Centre,Salvatore,54.24165505,53.7,6,0,0,0
Saturday,03-May-14,32.84233872,Melissa,East,Luigi,70.80298026,50.4,6,0,0,0
Sunday,04-May-14,29.8926699,Laura,Centre,Mario,55.75616388,55.7,4,0,0,0
Sunday,04-May-14,40.79161825,Melissa,Centre,Salvatore,66.98703913,47.7,4,1,1,0
Sunday,04-May-14,24.4742752,Melissa,East,Domenico,73.04577444,41.9,1,0,0,0
Sunday,04-May-14,31.3916305,Melissa,West,Mario,64.7783736,35.3,5,0,0,0
Sunday,04-May-14,24.36145659,Laura,East,Domenico,72.90642866,24.6,5,0,0,0
Sunday,04-May-14,25.22923488,Laura,Centre,Salvatore,72.32482479,47.8,2,0,0,0
Sunday,04-May-14,40.67891988,Melissa,East,Domenico,60.86238879,34.3,3,1,0,0
Sunday,04-May-14,31.04258543,Laura,Centre,Luigi,59.70354497,41.6,3,0,0,0
Sunday,04-May-14,40.70924408,Laura,West,Mario,58.50343172,44.9,4,1,1,0
Sunday,04-May-14,37.31537873,Laura,Centre,Bruno,60.05719256,39.7,2,0,0,0
Sunday,04-May-14,34.47979077,Laura,Centre,Mario,61.61400559,53.6,4,0,0,1
Sunday,04-May-14,46.9048219,Laura,Centre,Luigi,58.07136247,46,3,1,1,0
Sunday,04-May-14,33.34590852,Laura,Centre,Luigi,60.82084256,52.2,4,0,0,0
Sunday,04-May-14,31.31815839,Laura,West,Mario,52.36365777,39.9,2,0,0,0
Sunday,04-May-14,37.53912363,Melissa,Centre,Bruno,58.21199636,55.5,4,0,0,0
Sunday,04-May-14,41.02112589,Laura,West,Salvatore,55.22489331,46.1,2,1,1,0
Sunday,04-May-14,36.01208104,Melissa,East,Domenico,61.80127339,51.1,5,0,0,0
Sunday,04-May-14,35.65426953,Melissa,East,Luigi,65.46181491,33.3,2,0,0,0
Sunday,04-May-14,37.84685365,Laura,West,Mario,58.09370171,47.9,2,0,0,0
Sunday,04-May-14,31.88495154,Laura,Centre,Salvatore,65.4854274,55.3,7,0,0,0
Sunday,04-May-14,43.49256427,Melissa,East,Mario,71.25702908,50.7,5,1,1,0
Sunday,04-May-14,36.6901939,Laura,Centre,Salvatore,62.88500583,54.2,2,0,0,0
Sunday,04-May-14,33.3317273,Laura,East,Bruno,64.51296186,37.7,4,0,0,0
Sunday,04-May-14,37.82806761,Laura,West,Domenico,66.1332291,35.9,2,0,0,0
Sunday,04-May-14,32.9315272,Laura,East,Bruno,58.90573427,43,2,0,0,1
Sunday,04-May-14,40.35839328,Laura,Centre,Salvatore,58.79433358,44.3,7,1,0,1
Sunday,04-May-14,37.89000045,Laura,West,Salvatore,55.75062956,45.7,5,0,0,0
Sunday,04-May-14,32.90051142,Laura,Centre,Salvatore,64.06238644,50.7,4,0,0,0
Sunday,04-May-14,32.29737202,Laura,Centre,Bruno,61.65037042,43.5,3,0,0,0
Sunday,04-May-14,31.74269998,Melissa,Centre,Luigi,57.51594215,40.4,3,0,0,0
Sunday,04-May-14,38.32656885,Melissa,West,Bruno,63.17743597,63.7,2,0,0,0
Sunday,04-May-14,28.28080407,Laura,West,Domenico,65.59011614,22.3,1,0,0,0
Sunday,04-May-14,32.56317296,Melissa,West,Domenico,62.40341384,31,6,0,0,0
Sunday,04-May-14,38.39012958,Laura,West,Mario,48.59149623,39,4,0,0,0
Sunday,04-May-14,34.82782211,Laura,Centre,Bruno,52.4434532,55.7,5,0,0,1
Sunday,04-May-14,38.56416747,Melissa,Centre,Salvatore,62.05469328,46.7,4,0,0,0
Sunday,04-May-14,29.68454642,Melissa,West,Luigi,74.77976102,49.8,2,0,0,0
Sunday,04-May-14,37.51390089,Melissa,Centre,Mario,61.34580774,30.4,4,0,0,1
Sunday,04-May-14,34.86537382,Laura,Centre,Luigi,73.48815267,36.8,3,0,0,1
Sunday,04-May-14,31.72630683,Laura,Centre,Salvatore,62.73364143,58,4,0,0,0
Sunday,04-May-14,29.66880886,Laura,West,Domenico,70.15009249,29.4,1,0,0,0
Sunday,04-May-14,15.3937206,Laura,East,Domenico,83.36472941,24.6,1,0,0,1
Sunday,04-May-14,38.27902331,Laura,Centre,Bruno,58.93788348,49.4,4,0,0,0
Sunday,04-May-14,34.6751474,Laura,Centre,Luigi,61.00091966,47.4,3,0,0,0
Sunday,04-May-14,38.09853061,Melissa,Centre,Salvatore,59.22616695,55.6,5,0,0,0
Sunday,04-May-14,27.66042461,Melissa,East,Domenico,73.7725405,30.8,1,0,0,0
Monday,05-May-14,34.85384287,Laura,Centre,Bruno,55.54995349,52.7,4,0,0,1
Monday,05-May-14,21.91763073,Laura,East,Salvatore,70.17376616,37.2,1,0,0,0
Monday,05-May-14,28.86276363,Laura,West,Salvatore,58.19766614,46.4,3,0,0,0
Monday,05-May-14,37.77139713,Laura,Centre,Bruno,61.38392561,67.5,6,0,0,0
Monday,05-May-14,48.01719063,Laura,East,Salvatore,57.01596979,33.8,5,1,1,1
Monday,05-May-14,32.14042519,Laura,East,Salvatore,66.49962766,51.9,4,0,0,1
Monday,05-May-14,36.80366947,Laura,East,Bruno,65.64251358,46.3,3,0,0,0
Monday,05-May-14,37.08555155,Laura,West,Salvatore,61.69423317,48.4,3,0,0,0
Monday,05-May-14,36.49582594,Laura,Centre,Bruno,59.38447131,60,4,0,0,0
Monday,05-May-14,34.24281244,Laura,Centre,Salvatore,55.2889167,43.6,6,0,0,1
Monday,05-May-14,29.60137196,Laura,East,Bruno,73.49038729,33.1,1,0,0,1
Monday,05-May-14,38.14589769,Laura,West,Bruno,58.21860095,45.6,2,0,0,0
Monday,05-May-14,34.95372594,Laura,Centre,Bruno,57.16479995,45.4,6,0,0,0
Monday,05-May-14,34.05407232,Laura,West,Salvatore,70.17717638,28.8,1,0,0,0
Monday,05-May-14,41.82139157,Laura,Centre,Bruno,53.92882262,57.4,3,1,1,1
Monday,05-May-14,16.12672717,Laura,East,Bruno,79.7815814,28.9,1,0,0,0
Monday,05-May-14,30.27450129,Laura,West,Bruno,64.83000571,54.8,2,0,0,0
Monday,05-May-14,20.55187308,Laura,East,Salvatore,68.59202494,36.2,4,0,0,0
Monday,05-May-14,32.28893471,Laura,Centre,Salvatore,59.96344794,41.6,2,0,0,0
Monday,05-May-14,30.59152084,Laura,West,Bruno,51.37494315,34.8,1,0,0,0
Monday,05-May-14,28.2971658,Laura,West,Salvatore,67.29481845,38.8,5,0,0,1
Monday,05-May-14,31.06790702,Laura,East,Salvatore,72.2033448,36.2,3,0,0,0
Monday,05-May-14,34.78826745,Laura,West,Bruno,59.10217007,60.4,5,0,0,0
Monday,05-May-14,41.3488933,Laura,Centre,Bruno,53.9309117,37,4,1,1,1
Monday,05-May-14,45.79335249,Laura,West,Bruno,55.53097203,58.2,3,1,1,0
Monday,05-May-14,36.63143791,Laura,Centre,Bruno,45.72372459,54.4,7,0,0,1
Monday,05-May-14,33.33673513,Laura,Centre,Salvatore,58.40544278,49.2,3,0,0,0
Monday,05-May-14,34.31284331,Laura,Centre,Bruno,63.53560818,59.4,4,0,0,0
Monday,05-May-14,29.08208891,Laura,East,Salvatore,68.43946177,41.9,3,0,0,0
Monday,05-May-14,29.69825191,Laura,West,Bruno,65.97422864,33,3,0,0,0
Monday,05-May-14,39.46636935,Laura,East,Bruno,63.12173725,38,3,0,0,1
Tuesday,06-May-14,32.70743489,Melissa,Centre,Mario,60.86023905,46.2,3,0,0,0
Tuesday,06-May-14,29.80138959,Melissa,West,Mario,63.14599671,51.4,2,0,0,0
Tuesday,06-May-14,43.95113304,Melissa,West,Bruno,66.45880982,56.6,6,1,0,0
Tuesday,06-May-14,34.58652777,Melissa,West,Bruno,57.08993455,64.4,4,0,0,0
Tuesday,06-May-14,28.09064213,Melissa,East,Bruno,71.66244346,26.1,2,0,0,1
Tuesday,06-May-14,30.84960675,Melissa,Centre,Mario,61.3225195,24.6,2,0,0,0
Tuesday,06-May-14,27.92122601,Melissa,East,Bruno,66.44371834,45.3,1,0,0,1
Tuesday,06-May-14,24.41591442,Melissa,West,Mario,60.1375999,34.6,4,0,0,0
Tuesday,06-May-14,39.08805737,Melissa,Centre,Bruno,58.50660737,53.7,4,0,0,0
Tuesday,06-May-14,36.17425447,Melissa,Centre,Mario,65.1003563,51.1,3,0,0,0
Tuesday,06-May-14,25.70414959,Melissa,East,Bruno,63.83757521,13.7,1,0,0,0
Tuesday,06-May-14,35.6513833,Melissa,East,Mario,70.99038387,19.3,1,0,0,1
Tuesday,06-May-14,40.66533336,Melissa,West,Bruno,59.3747927,53.9,4,1,1,0
Tuesday,06-May-14,32.0113968,Melissa,East,Mario,65.78877894,46.2,1,0,0,0
Tuesday,06-May-14,27.32446026,Melissa,East,Bruno,77.01931021,23.3,2,0,0,0
Tuesday,06-May-14,38.44490861,Melissa,West,Bruno,66.8629677,32.4,2,0,0,0
Tuesday,06-May-14,35.17488908,Melissa,East,Mario,63.35080065,59.2,3,0,0,0
Tuesday,06-May-14,40.5328797,Melissa,West,Bruno,55.51498716,53.4,5,1,0,0
Tuesday,06-May-14,41.09681783,Melissa,Centre,Mario,57.02423356,51,5,1,1,0
Tuesday,06-May-14,43.43568403,Melissa,Centre,Mario,66.05395711,52.9,4,1,0,0
Tuesday,06-May-14,47.46307088,Melissa,West,Bruno,62.48549566,59.1,4,1,1,0
Tuesday,06-May-14,36.78543102,Melissa,West,Mario,61.65032107,39.5,2,0,0,0
Tuesday,06-May-14,43.98734093,Melissa,Centre,Mario,58.84680192,42.4,3,1,0,0
Tuesday,06-May-14,28.51035084,Melissa,East,Mario,62.48480161,36.2,1,0,0,0
Tuesday,06-May-14,33.44734629,Melissa,East,Mario,58.40875135,36.2,4,0,0,0
Tuesday,06-May-14,41.20781368,Melissa,Centre,Bruno,55.59571953,49.6,4,1,1,0
Tuesday,06-May-14,43.31437418,Melissa,Centre,Bruno,50.22884332,48.6,4,1,0,0
Tuesday,06-May-14,13.27991797,Melissa,East,Bruno,83.78830062,10.6,1,0,0,0
Tuesday,06-May-14,32.04848343,Melissa,East,Mario,63.8873644,31.9,3,0,0,0
Tuesday,06-May-14,35.82663069,Melissa,West,Bruno,68.37598366,30.2,2,0,0,1
Tuesday,06-May-14,35.60198723,Melissa,Centre,Mario,69.56498312,44.6,2,0,0,0
Tuesday,06-May-14,38.68475626,Melissa,East,Mario,66.62979613,48.9,1,0,0,0
Tuesday,06-May-14,31.6514269,Melissa,West,Mario,56.60536373,48.7,5,0,0,0
Wednesday,07-May-14,28.4763683,Melissa,East,Salvatore,65.79146109,54.9,2,0,0,0
Wednesday,07-May-14,42.61557766,Laura,Centre,Salvatore,52.67528902,57.6,4,1,1,0
Wednesday,07-May-14,25.17980326,Melissa,West,Salvatore,65.01641819,55.1,2,0,0,0
Wednesday,07-May-14,42.87403453,Melissa,West,Mario,56.00392374,58.2,5,1,1,0
Wednesday,07-May-14,28.89220172,Melissa,East,Salvatore,67.1756914,28.6,2,0,0,0
Wednesday,07-May-14,42.34630923,Melissa,East,Mario,62.50876965,49.7,3,1,1,0
Wednesday,07-May-14,40.13237013,Melissa,Centre,Mario,57.67049439,44.3,4,1,1,1
Wednesday,07-May-14,34.13543143,Laura,East,Salvatore,70.24776312,50.4,3,0,0,0
Wednesday,07-May-14,39.91527702,Melissa,Centre,Salvatore,53.52384334,54.5,4,0,0,0
Wednesday,07-May-14,43.23357695,Laura,Centre,Mario,61.54815021,42.3,4,1,1,1
Wednesday,07-May-14,25.86548249,Melissa,Centre,Salvatore,63.68772745,42.7,4,0,0,0
Wednesday,07-May-14,40.24433082,Melissa,Centre,Salvatore,62.78106469,39.1,4,1,1,0
Wednesday,07-May-14,25.12680053,Laura,West,Mario,64.59100588,31.2,3,0,0,1
Wednesday,07-May-14,28.6603397,Laura,East,Mario,67.9477907,46,3,0,0,0
Wednesday,07-May-14,40.34138717,Melissa,West,Salvatore,58.49747475,58.8,2,1,0,0
Wednesday,07-May-14,43.73674404,Melissa,Centre,Mario,53.09666307,60.1,4,1,1,0
Wednesday,07-May-14,52.23012905,Laura,Centre,Mario,64.82667367,55.9,7,1,1,0
Wednesday,07-May-14,35.75512891,Laura,Centre,Salvatore,54.24384332,43,4,0,0,0
Wednesday,07-May-14,30.39506867,Laura,Centre,Salvatore,58.44397131,40.1,3,0,0,0
Wednesday,07-May-14,42.31205748,Laura,East,Mario,68.49807217,38.6,2,1,1,0
Wednesday,07-May-14,32.46940447,Melissa,East,Salvatore,65.6788076,35.9,1,0,0,1
Wednesday,07-May-14,38.81888536,Melissa,West,Salvatore,58.44361469,46.2,4,0,0,0
Wednesday,07-May-14,39.19448289,Laura,West,Salvatore,53.77939449,36.6,3,0,0,0
Wednesday,07-May-14,35.65195527,Melissa,Centre,Mario,52.82068176,56.3,3,0,0,1
Wednesday,07-May-14,38.63048721,Melissa,West,Mario,59.83190401,41.7,3,0,0,0
Wednesday,07-May-14,33.7281991,Laura,West,Mario,59.51409832,54.3,2,0,0,0
Wednesday,07-May-14,32.4977359,Melissa,Centre,Salvatore,55.99381169,54.7,3,0,0,0
Wednesday,07-May-14,35.32800674,Melissa,Centre,Mario,58.74174213,40.5,3,0,0,0
Wednesday,07-May-14,40.87301223,Melissa,West,Salvatore,59.46722066,57.6,3,1,0,0
Wednesday,07-May-14,32.19884739,Melissa,East,Salvatore,64.55234209,40.2,4,0,0,0
Wednesday,07-May-14,42.04301393,Laura,West,Mario,56.87572628,39.7,3,1,1,0
Wednesday,07-May-14,39.45903912,Melissa,West,Mario,70.32326724,39.9,2,0,0,0
Thursday,08-May-14,31.89455201,Laura,West,Mario,68.1203501,29.7,2,0,0,0
Thursday,08-May-14,40.63203531,Melissa,East,Bruno,59.16542083,39,3,1,1,0
Thursday,08-May-14,30.05820631,Melissa,Centre,Bruno,60.86847321,28.9,1,0,0,0
Thursday,08-May-14,35.87723478,Melissa,East,Mario,68.24776004,47.8,2,0,0,0
Thursday,08-May-14,33.26078035,Melissa,Centre,Bruno,51.58552046,43.5,4,0,0,0
Thursday,08-May-14,33.57405975,Laura,West,Mario,49.26208863,68.5,5,0,0,0
Thursday,08-May-14,17.42653389,Melissa,East,Salvatore,65.37330668,23.7,1,0,0,1
Thursday,08-May-14,29.84585296,Melissa,East,Salvatore,59.78480837,31.6,2,0,0,1
Thursday,08-May-14,37.6347319,Laura,West,Bruno,53.39611099,51.3,3,0,0,0
Thursday,08-May-14,45.90442669,Melissa,Centre,Bruno,55.96064052,53.6,4,1,1,1
Thursday,08-May-14,36.73753646,Laura,East,Bruno,59.64457057,37.3,5,0,0,0
Thursday,08-May-14,41.28524386,Laura,East,Bruno,59.6942689,31.7,3,1,1,0
Thursday,08-May-14,31.85386859,Laura,West,Bruno,58.21700492,39.8,5,0,0,0
Thursday,08-May-14,38.83199271,Laura,Centre,Salvatore,57.09445298,41.9,4,0,0,0
Thursday,08-May-14,40.34563035,Laura,West,Mario,60.13216704,37.8,4,1,1,0
Thursday,08-May-14,20.48361256,Melissa,East,Mario,77.4232416,12,1,0,0,0
Thursday,08-May-14,38.71908837,Melissa,Centre,Bruno,66.32864765,51.1,3,0,0,0
Thursday,08-May-14,41.48467949,Laura,Centre,Mario,62.17760024,42.7,3,1,1,0
Thursday,08-May-14,40.92097006,Laura,East,Mario,66.48389454,52.4,4,1,0,0
Thursday,08-May-14,34.48270511,Laura,Centre,Bruno,56.98959284,52.4,1,0,0,0
Thursday,08-May-14,41.23653032,Melissa,West,Salvatore,59.12451729,45.4,3,1,0,0
Thursday,08-May-14,37.86155145,Melissa,East,Mario,64.7707737,52.9,4,0,0,1
Thursday,08-May-14,31.35834212,Melissa,West,Mario,58.45254544,57.5,3,0,0,0
Thursday,08-May-14,44.86033567,Laura,East,Mario,69.55985773,26.2,1,1,1,0
Thursday,08-May-14,21.90443753,Melissa,East,Bruno,67.04306896,21.2,1,0,0,0
Thursday,08-May-14,33.03008732,Laura,East,Bruno,50.3054642,54.9,3,0,0,0
Thursday,08-May-14,41.88613797,Laura,West,Bruno,65.73304997,37.2,2,1,1,1
Thursday,08-May-14,39.45610592,Laura,Centre,Mario,60.75459617,38.4,3,0,0,0
Thursday,08-May-14,30.16748799,Melissa,Centre,Mario,60.72296096,46.3,3,0,0,0
Thursday,08-May-14,36.6778138,Laura,West,Salvatore,56.92880867,60.2,2,0,0,0
Thursday,08-May-14,48.32433572,Laura,Centre,Mario,65.24374321,45.9,3,1,1,0
Thursday,08-May-14,33.86335303,Laura,West,Mario,55.96349505,48.2,4,0,0,0
Thursday,08-May-14,34.94992348,Melissa,West,Bruno,56.89640218,50.3,5,0,0,0
Thursday,08-May-14,37.6274954,Laura,West,Mario,65.79226125,32.1,1,0,0,0
Thursday,08-May-14,36.23729973,Laura,East,Mario,60.37831592,33.9,3,0,0,1
Thursday,08-May-14,38.18985622,Melissa,West,Bruno,60.89112466,33.2,2,0,0,0
Friday,09-May-14,31.49617729,Laura,West,Bruno,64.85106746,61.8,4,0,0,0
Friday,09-May-14,30.71998608,Laura,East,Luigi,66.09790711,42.8,2,0,0,0
Friday,09-May-14,43.46905876,Melissa,Centre,Salvatore,63.52569388,51.1,3,1,1,0
Friday,09-May-14,51.16836629,Laura,West,Luigi,57.8731767,42.3,4,1,1,0
Friday,09-May-14,34.53104043,Laura,East,Mario,69.62859989,31.7,1,0,0,0
Friday,09-May-14,23.83844046,Melissa,Centre,Salvatore,60.56590936,39.5,2,0,0,0
Friday,09-May-14,31.25256387,Laura,Centre,Mario,49.17034028,45.1,4,0,0,0
Friday,09-May-14,30.74793046,Melissa,East,Bruno,69.82085652,48.6,1,0,0,0
Friday,09-May-14,34.97708938,Laura,Centre,Luigi,59.5855851,43.6,3,0,0,0
Friday,09-May-14,36.43658503,Laura,West,Bruno,51.99129883,49.8,3,0,0,0
Friday,09-May-14,33.34208802,Laura,East,Mario,65.38568585,34.1,3,0,0,0
Friday,09-May-14,40.6167051,Laura,Centre,Mario,58.34073262,51.2,4,1,1,0
Friday,09-May-14,39.53953589,Melissa,East,Salvatore,62.91244019,36.3,3,0,0,0
Friday,09-May-14,30.16898912,Laura,East,Mario,55.78487029,41.6,6,0,0,0
Friday,09-May-14,27.60632851,Melissa,Centre,Salvatore,64.90358497,44.5,2,0,0,0
Friday,09-May-14,34.61707129,Melissa,Centre,Luigi,67.07234074,57.1,2,0,0,0
Friday,09-May-14,32.77481453,Laura,Centre,Salvatore,64.05091122,42.9,5,0,0,0
Friday,09-May-14,37.16945925,Laura,Centre,Salvatore,49.27190034,53.5,6,0,0,1
Friday,09-May-14,34.41597201,Melissa,Centre,Luigi,55.53816437,46.6,2,0,0,1
Friday,09-May-14,39.83630677,Melissa,West,Bruno,46.25406328,58.8,6,0,0,0
Friday,09-May-14,30.32991561,Melissa,East,Salvatore,68.93848127,35.2,2,0,0,0
Friday,09-May-14,41.56265755,Laura,East,Salvatore,51.25212926,46.3,5,1,1,0
Friday,09-May-14,26.8246483,Laura,Centre,Salvatore,55.78494881,43,2,0,0,0
Friday,09-May-14,36.35620279,Melissa,West,Luigi,63.43377315,38.6,1,0,0,0
Friday,09-May-14,41.69154243,Melissa,East,Salvatore,62.30638156,24.7,2,1,1,0
Friday,09-May-14,31.37855479,Melissa,Centre,Salvatore,56.39617101,44.3,9,0,0,1
Friday,09-May-14,37.47928114,Melissa,West,Salvatore,54.46130046,40.7,4,0,0,0
Friday,09-May-14,32.46845658,Melissa,West,Mario,62.57082239,51.8,4,0,0,0
Friday,09-May-14,31.17003244,Laura,East,Luigi,69.99491324,39.4,2,0,0,1
Friday,09-May-14,38.00161603,Laura,East,Salvatore,63.28691424,31.2,2,0,0,0
Friday,09-May-14,29.94739685,Melissa,Centre,Bruno,63.97272209,63,3,0,0,1
Friday,09-May-14,26.70594446,Laura,East,Bruno,62.54148437,33.9,2,0,0,0
Friday,09-May-14,32.88968475,Melissa,West,Salvatore,58.09535821,50.5,5,0,0,0
Friday,09-May-14,32.1595853,Melissa,Centre,Mario,59.83699846,29.4,2,0,0,1
Friday,09-May-14,29.56007533,Laura,East,Mario,76.33320641,16.3,2,0,0,0
Friday,09-May-14,39.90799005,Melissa,Centre,Bruno,53.76759614,40.8,3,0,0,0
Friday,09-May-14,29.87152725,Laura,West,Luigi,52.80593552,30,1,0,0,0
Friday,09-May-14,35.00671532,Laura,Centre,Mario,68.536465,48.2,2,0,0,0
Friday,09-May-14,37.50176163,Laura,East,Luigi,59.53972297,53.7,2,0,0,0
Friday,09-May-14,38.77958656,Melissa,Centre,Mario,65.08357915,49.4,4,0,0,0
Friday,09-May-14,28.02543668,Laura,Centre,Mario,62.70102535,47.6,1,0,0,0
Friday,09-May-14,34.49506111,Laura,West,Bruno,63.91706829,38,3,0,0,0
Friday,09-May-14,34.91051127,Melissa,West,Mario,67.67262504,67,3,0,0,0
Friday,09-May-14,26.15605666,Laura,West,Bruno,59.49823521,28.7,3,0,0,0
Friday,09-May-14,40.38318771,Melissa,West,Bruno,63.6346192,46.9,3,1,1,0
Friday,09-May-14,27.18096972,Laura,West,Salvatore,64.70776116,45.1,4,0,0,0
Saturday,10-May-14,26.34262978,Laura,East,Mario,64.25206531,29.8,2,0,0,0
Saturday,10-May-14,35.79329409,Laura,East,Bruno,55.73774052,32,4,0,0,0
Saturday,10-May-14,43.67425,Melissa,West,Mario,58.57842605,58,4,1,1,0
Saturday,10-May-14,47.25934548,Melissa,West,Domenico,52.86829664,37.8,2,1,1,0
Saturday,10-May-14,25.20203691,Laura,East,Salvatore,63.03192417,25,2,0,0,0
Saturday,10-May-14,33.76938295,Melissa,West,Luigi,67.32775032,31.9,5,0,0,1
Saturday,10-May-14,27.44254258,Melissa,West,Bruno,65.04820703,42,3,0,0,0
Saturday,10-May-14,39.90893666,Laura,Centre,Luigi,57.71198868,71.9,2,0,0,0
Saturday,10-May-14,40.22766574,Melissa,West,Mario,58.91232287,44.1,4,1,1,1
Saturday,10-May-14,37.98367229,Melissa,Centre,Mario,57.68965756,48.6,3,0,0,0
Saturday,10-May-14,36.16381086,Melissa,East,Luigi,75.22057044,22.3,2,0,0,0
Saturday,10-May-14,32.154386,Laura,Centre,Salvatore,51.32435858,55,2,0,0,0
Saturday,10-May-14,37.16994295,Melissa,East,Mario,67.49006671,34.6,1,0,0,0
Saturday,10-May-14,39.11398898,Melissa,Centre,Luigi,71.21003602,51.7,1,0,0,0
Saturday,10-May-14,30.76706222,Melissa,East,Bruno,61.97793616,38.3,5,0,0,0
Saturday,10-May-14,45.37306189,Laura,Centre,Mario,56.60261756,44.6,2,1,1,0
Saturday,10-May-14,35.36785251,Laura,Centre,Salvatore,57.59653541,50.4,5,0,0,0
Saturday,10-May-14,32.01579121,Melissa,East,Luigi,64.44348848,40.5,3,0,0,1
Saturday,10-May-14,36.70153226,Laura,Centre,Bruno,67.53091875,48.8,6,0,0,1
Saturday,10-May-14,27.08102918,Laura,East,Mario,67.43916628,23.4,2,0,0,0
Saturday,10-May-14,37.19694823,Laura,Centre,Luigi,63.26799392,40.3,2,0,0,1
Saturday,10-May-14,34.85399966,Melissa,West,Mario,50.98999494,45.1,5,0,0,0
Saturday,10-May-14,48.59682332,Laura,Centre,Salvatore,59.27987005,41.7,4,1,1,0
Saturday,10-May-14,37.13739695,Laura,East,Domenico,67.27660833,29,2,0,0,0
Saturday,10-May-14,30.51319571,Laura,East,Domenico,78.84025203,27.3,1,0,0,0
Saturday,10-May-14,32.28087132,Laura,West,Luigi,67.33153813,38.1,5,0,0,0
Saturday,10-May-14,35.92873473,Melissa,Centre,Bruno,67.51646939,43.1,2,0,0,1
Saturday,10-May-14,27.64751738,Laura,West,Salvatore,57.04335456,26.4,2,0,0,0
Saturday,10-May-14,44.59844227,Laura,Centre,Salvatore,61.26997902,38.7,2,1,1,0
Saturday,10-May-14,43.62627104,Melissa,Centre,Salvatore,58.97793499,52.7,3,1,1,1
Saturday,10-May-14,30.30355854,Melissa,Centre,Domenico,69.52467287,27.3,3,0,0,0
Saturday,10-May-14,33.66291274,Melissa,East,Mario,58.22944947,32.3,2,0,0,0
Saturday,10-May-14,38.07139412,Laura,Centre,Salvatore,55.33146168,43.7,4,0,0,0
Saturday,10-May-14,31.44660634,Laura,West,Mario,60.00181814,47.8,4,0,0,0
Saturday,10-May-14,47.68747653,Melissa,West,Salvatore,57.72974568,55,3,1,1,1
Saturday,10-May-14,48.70491327,Laura,West,Bruno,63.33571096,41.4,5,1,1,0
Saturday,10-May-14,43.6001063,Melissa,West,Mario,66.89594598,61,4,1,1,1
Saturday,10-May-14,34.62370013,Laura,Centre,Salvatore,52.95274221,33,3,0,0,1
Saturday,10-May-14,42.52335095,Laura,Centre,Salvatore,65.02811118,52.8,3,1,1,1
Saturday,10-May-14,36.29625065,Melissa,Centre,Mario,61.64923115,60.2,5,0,0,0
Saturday,10-May-14,30.82959928,Melissa,Centre,Luigi,49.84544302,31.7,2,0,0,0
Saturday,10-May-14,30.34471558,Laura,East,Luigi,52.7272392,38.9,2,0,0,0
Saturday,10-May-14,37.02890952,Melissa,West,Mario,66.84716495,44,3,0,0,0
Saturday,10-May-14,37.60050753,Melissa,Centre,Mario,62.97488775,45,3,0,0,0
Saturday,10-May-14,39.38170439,Laura,Centre,Mario,59.36719843,74,5,0,0,0
Sunday,11-May-14,28.27419352,Laura,West,Domenico,67.53721796,31.9,3,0,0,0
Sunday,11-May-14,40.81993993,Laura,West,Salvatore,56.29296848,37.9,3,1,1,0
Sunday,11-May-14,38.28683465,Laura,Centre,Mario,52.1217462,39.7,3,0,0,0
Sunday,11-May-14,24.68953695,Melissa,East,Domenico,74.3853581,30.1,1,0,0,0
Sunday,11-May-14,32.11852877,Melissa,West,Mario,58.24042004,40.9,6,0,0,1
Sunday,11-May-14,33.53679706,Laura,Centre,Mario,60.10719628,61.5,2,0,0,0
Sunday,11-May-14,22.34342501,Melissa,East,Domenico,75.49844363,47.3,5,0,0,0
Sunday,11-May-14,39.83328328,Melissa,West,Mario,59.26463377,57.1,4,0,0,0
Sunday,11-May-14,33.70779807,Laura,Centre,Bruno,51.97368823,53.2,3,0,0,1
Sunday,11-May-14,35.08070515,Laura,West,Salvatore,62.82310474,34.2,5,0,0,0
Sunday,11-May-14,39.64922925,Laura,Centre,Domenico,66.83705004,42.3,2,0,0,1
Sunday,11-May-14,38.35282379,Laura,East,Bruno,60.32243325,52.6,2,0,0,0
Sunday,11-May-14,36.21004205,Laura,West,Bruno,62.67410294,48.8,5,0,0,0
Sunday,11-May-14,30.25335835,Melissa,Centre,Mario,71.73014539,45.3,2,0,0,0
Sunday,11-May-14,36.12026088,Laura,Centre,Salvatore,62.78634099,58.3,5,0,0,0
Sunday,11-May-14,24.83362228,Laura,East,Domenico,71.51326846,33.6,1,0,0,1
Sunday,11-May-14,28.05379023,Melissa,East,Domenico,57.95527809,38.1,3,0,0,1
Sunday,11-May-14,24.6137238,Melissa,East,Domenico,62.91997836,41.6,3,0,0,1
Sunday,11-May-14,31.49773167,Laura,Centre,Luigi,68.12775538,37.1,3,0,0,0
Sunday,11-May-14,38.69756784,Laura,East,Bruno,47.72254099,52.4,3,0,0,0
Sunday,11-May-14,28.81805074,Laura,East,Luigi,63.00484944,46,3,0,0,0
Sunday,11-May-14,40.38526801,Melissa,East,Bruno,68.6321777,52.4,3,1,1,0
Sunday,11-May-14,45.41576358,Laura,Centre,Salvatore,52.10413729,61.4,5,1,1,0
Sunday,11-May-14,28.03295702,Melissa,Centre,Mario,67.98660853,39.8,4,0,0,0
Sunday,11-May-14,40.36928396,Melissa,West,Mario,62.57900302,56.9,3,1,1,0
Sunday,11-May-14,41.93493995,Laura,East,Mario,61.92329081,48.3,3,1,0,0
Sunday,11-May-14,41.24275241,Melissa,West,Luigi,72.45821881,33.9,2,1,0,0
Sunday,11-May-14,29.57782261,Melissa,East,Luigi,71.38363465,30.4,2,0,0,0
Sunday,11-May-14,32.31576203,Melissa,East,Mario,68.84850465,43.7,1,0,0,0
Sunday,11-May-14,43.73515232,Melissa,West,Salvatore,51.26228974,57.8,3,1,1,0
Sunday,11-May-14,34.99706625,Melissa,Centre,Salvatore,59.38715142,47.5,3,0,0,0
Sunday,11-May-14,37.0515128,Laura,West,Bruno,61.47973478,67.1,4,0,0,0
Sunday,11-May-14,31.91113969,Melissa,West,Domenico,67.01930405,28.1,1,0,0,1
Sunday,11-May-14,35.6606207,Laura,West,Luigi,65.15648607,48.6,2,0,0,0
Sunday,11-May-14,26.93866033,Laura,East,Luigi,66.00826549,34.9,2,0,0,0
Sunday,11-May-14,33.48913434,Laura,West,Salvatore,56.93037982,27.5,2,0,0,1
Sunday,11-May-14,39.28342179,Laura,East,Mario,65.14519619,41.7,2,0,0,0
Sunday,11-May-14,32.13856952,Laura,East,Luigi,70.31856771,29.9,1,0,0,1
Sunday,11-May-14,33.4546588,Laura,East,Domenico,57.58025998,35.5,1,0,0,0
Sunday,11-May-14,28.55909018,Laura,East,Luigi,74.1216972,24.7,3,0,0,0
Sunday,11-May-14,24.71355575,Laura,East,Domenico,77.25365707,27.9,3,0,0,1
Sunday,11-May-14,40.68206619,Laura,Centre,Salvatore,52.75006385,54.2,3,1,1,1
Monday,12-May-14,35.93080522,Laura,West,Salvatore,61.9412182,55.9,3,0,0,0
Monday,12-May-14,40.4980612,Laura,Centre,Bruno,64.83571298,38.4,3,1,0,0
Monday,12-May-14,34.03569564,Laura,West,Bruno,63.59746544,51.4,3,0,0,1
Monday,12-May-14,38.82523077,Laura,Centre,Bruno,57.37437523,54.6,3,0,0,1
Monday,12-May-14,25.92502886,Laura,East,Salvatore,71.86992642,47,2,0,0,0
Monday,12-May-14,30.47163834,Laura,East,Bruno,69.42901384,29.5,2,0,0,0
Monday,12-May-14,35.30615302,Laura,West,Bruno,64.71327145,45.5,2,0,0,0
Monday,12-May-14,29.69844715,Laura,Centre,Salvatore,59.84541511,48.3,6,0,0,0
Monday,12-May-14,39.73837294,Laura,Centre,Salvatore,68.37315798,39.4,6,0,0,0
Monday,12-May-14,28.11912238,Laura,East,Salvatore,72.4743433,29.5,1,0,0,0
Monday,12-May-14,30.1584184,Laura,Centre,Salvatore,58.0470942,36.4,3,0,0,1
Monday,12-May-14,29.55405806,Laura,West,Salvatore,55.15053701,39,2,0,0,0
Monday,12-May-14,34.4659962,Laura,West,Salvatore,60.66324794,40.3,4,0,0,0
Monday,12-May-14,35.42071138,Laura,West,Salvatore,65.68674038,46.9,5,0,0,0
Monday,12-May-14,32.40627064,Laura,West,Bruno,66.09112496,40.9,1,0,0,0
Monday,12-May-14,31.48357812,Laura,West,Bruno,53.74813291,40.2,1,0,0,1
Monday,12-May-14,22.07007438,Laura,East,Salvatore,59.09645444,25.5,1,0,0,0
Monday,12-May-14,16.89208218,Laura,East,Salvatore,69.50100594,18.6,1,0,0,0
Monday,12-May-14,41.18069511,Laura,Centre,Salvatore,56.33640639,53.4,4,1,1,0
Monday,12-May-14,29.06488123,Laura,Centre,Bruno,60.57341495,35.5,4,0,0,0
Monday,12-May-14,30.29990192,Laura,West,Salvatore,61.35909816,36.3,2,0,0,0
Monday,12-May-14,29.15066409,Laura,Centre,Salvatore,62.77614199,31.1,2,0,0,0
Monday,12-May-14,23.97243724,Laura,East,Salvatore,77.69649721,26.7,1,0,0,0
Monday,12-May-14,36.55785012,Laura,Centre,Salvatore,51.72840769,38.9,4,0,0,0
Monday,12-May-14,37.5639236,Laura,East,Salvatore,52.73873257,56.3,3,0,0,0
Monday,12-May-14,38.37254723,Laura,Centre,Bruno,52.96865446,44,4,0,0,0
Monday,12-May-14,31.90788368,Laura,East,Salvatore,75.463734,17.2,1,0,0,0
Monday,12-May-14,41.59326657,Laura,Centre,Salvatore,63.97402101,62.7,5,1,1,1
Monday,12-May-14,31.1429149,Laura,Centre,Salvatore,70.64655586,43,4,0,0,0
Monday,12-May-14,37.43087738,Laura,East,Salvatore,63.92595715,56,3,0,0,0
Monday,12-May-14,31.55358015,Laura,East,Bruno,54.6519642,37.6,4,0,0,0
Monday,12-May-14,29.34249969,Laura,West,Salvatore,68.44697549,50.2,2,0,0,0
Monday,12-May-14,30.27575333,Laura,Centre,Salvatore,64.54552574,47.4,2,0,0,0
Monday,12-May-14,41.9211162,Laura,Centre,Bruno,55.66298697,59.4,3,1,0,0
Monday,12-May-14,34.24890147,Laura,West,Salvatore,58.71133949,50.8,6,0,0,0
Monday,12-May-14,32.26105077,Laura,West,Bruno,62.24489079,49,3,0,0,1
Tuesday,13-May-14,32.46610352,Melissa,Centre,Bruno,56.07323465,54.9,3,0,0,0
Tuesday,13-May-14,33.71643028,Melissa,East,Mario,69.4447891,32.3,3,0,0,0
Tuesday,13-May-14,38.12345945,Melissa,West,Mario,63.47130261,40.5,3,0,0,0
Tuesday,13-May-14,23.72918165,Melissa,East,Bruno,69.13723377,21.1,1,0,0,0
Tuesday,13-May-14,37.17929942,Melissa,Centre,Mario,48.85232082,38.6,5,0,0,1
Tuesday,13-May-14,38.78846735,Melissa,Centre,Bruno,57.72940507,59.7,4,0,0,0
Tuesday,13-May-14,37.57389128,Melissa,West,Mario,67.51604655,57,3,0,0,1
Tuesday,13-May-14,42.94709125,Melissa,Centre,Mario,63.37771612,49.8,4,1,1,1
Tuesday,13-May-14,18.88366574,Melissa,East,Bruno,80.3275748,21.1,4,0,0,0
Tuesday,13-May-14,28.54672106,Melissa,Centre,Bruno,64.10962486,36.2,2,0,0,0
Tuesday,13-May-14,37.62791245,Melissa,East,Mario,65.18833487,33.8,2,0,0,0
Tuesday,13-May-14,46.81401892,Melissa,Centre,Mario,68.02945131,66.5,4,1,1,1
Tuesday,13-May-14,34.23278595,Melissa,Centre,Mario,50.40328124,51.1,2,0,0,0
Tuesday,13-May-14,31.03487252,Melissa,East,Mario,61.5673508,44.9,6,0,0,1
Tuesday,13-May-14,37.21927666,Melissa,West,Bruno,66.6407155,37.1,2,0,0,0
Tuesday,13-May-14,36.82862097,Melissa,West,Bruno,59.77456328,42.7,4,0,0,0
Tuesday,13-May-14,34.25623705,Melissa,East,Bruno,53.01629012,58.2,1,0,0,0
Tuesday,13-May-14,25.54112412,Melissa,East,Bruno,70.4740299,26.3,1,0,0,0
Tuesday,13-May-14,42.04359091,Melissa,West,Bruno,66.49721933,38.9,3,1,1,0
Tuesday,13-May-14,12.26602821,Melissa,East,Bruno,84.62226247,11.9,1,0,0,0
Tuesday,13-May-14,37.73490901,Melissa,West,Mario,67.94391277,35.9,3,0,0,0
Tuesday,13-May-14,44.65261474,Melissa,Centre,Bruno,52.85000381,51.9,4,1,1,0
Tuesday,13-May-14,22.21660395,Melissa,Centre,Mario,74.84403814,14,1,0,0,0
Tuesday,13-May-14,28.32236839,Melissa,West,Mario,72.07717013,31.4,2,0,0,1
Tuesday,13-May-14,31.44692599,Melissa,West,Mario,66.05902847,26.5,2,0,0,0
Tuesday,13-May-14,35.97100989,Melissa,East,Bruno,67.48485675,47.6,2,0,0,0
Tuesday,13-May-14,33.79258613,Melissa,West,Mario,47.61107818,36.7,3,0,0,0
Tuesday,13-May-14,28.34762578,Melissa,Centre,Mario,59.8162304,44.7,2,0,0,1
Tuesday,13-May-14,35.14901503,Melissa,Centre,Mario,63.11194822,46.3,9,0,0,1
Tuesday,13-May-14,27.6498287,Melissa,Centre,Mario,59.74937527,54.7,3,0,0,1
Tuesday,13-May-14,39.28251747,Melissa,West,Mario,68.05563972,46.8,3,0,0,0
Wednesday,14-May-14,38.68372897,Laura,West,Mario,56.24422757,57.8,3,0,0,0
Wednesday,14-May-14,32.61260906,Melissa,Centre,Mario,62.06948897,34.2,2,0,0,0
Wednesday,14-May-14,44.21270959,Melissa,Centre,Mario,49.89352493,61.7,4,1,0,0
Wednesday,14-May-14,17.27956607,Laura,East,Salvatore,78.92593489,11.6,1,0,0,1
Wednesday,14-May-14,36.90725027,Melissa,East,Mario,59.11686873,51.6,4,0,0,0
Wednesday,14-May-14,42.36203864,Melissa,Centre,Salvatore,63.96910165,46,5,1,1,1
Wednesday,14-May-14,36.58306152,Melissa,East,Mario,53.37657666,62.3,4,0,0,1
Wednesday,14-May-14,27.04983579,Laura,Centre,Mario,50.72950875,42.8,2,0,0,1
Wednesday,14-May-14,34.48389207,Laura,East,Mario,66.27557572,59.1,2,0,0,0
Wednesday,14-May-14,26.65779407,Melissa,East,Salvatore,67.15369602,27.7,2,0,0,0
Wednesday,14-May-14,27.83361811,Laura,Centre,Mario,64.76379015,49.9,5,0,0,0
Wednesday,14-May-14,16.59311501,Laura,West,Mario,80.24813136,12.7,1,0,0,0
Wednesday,14-May-14,28.18121914,Laura,Centre,Mario,50.18193835,32.7,6,0,0,0
Wednesday,14-May-14,34.05618786,Laura,Centre,Salvatore,68.38438878,57.5,2,0,0,0
Wednesday,14-May-14,38.15852228,Melissa,West,Salvatore,51.02724125,66,4,0,0,1
Wednesday,14-May-14,36.8095344,Melissa,West,Mario,56.97304705,39.5,3,0,0,0
Wednesday,14-May-14,22.88312219,Laura,East,Salvatore,73.31379856,22.3,2,0,0,0
Wednesday,14-May-14,30.14030799,Melissa,Centre,Mario,64.56520279,60.8,5,0,0,0
Wednesday,14-May-14,32.8275421,Melissa,West,Mario,46.14305706,54.9,4,0,0,0
Wednesday,14-May-14,33.50363451,Melissa,East,Salvatore,61.22900705,31.3,4,0,0,0
Wednesday,14-May-14,34.76047064,Laura,West,Mario,63.8674735,53.8,2,0,0,0
Wednesday,14-May-14,34.37776172,Melissa,East,Mario,59.43779424,36.9,2,0,0,0
Wednesday,14-May-14,38.58130503,Melissa,Centre,Salvatore,53.59643758,41.7,3,0,0,0
Wednesday,14-May-14,37.84984166,Melissa,West,Mario,62.83475171,56.4,4,0,0,1
Wednesday,14-May-14,46.79932466,Laura,West,Salvatore,63.32162493,41.9,2,1,1,0
Wednesday,14-May-14,41.77107882,Melissa,East,Mario,67.60212696,33,3,1,1,0
Wednesday,14-May-14,28.94617982,Laura,West,Mario,68.05353126,21,1,0,0,0
Wednesday,14-May-14,37.44286659,Melissa,West,Salvatore,43.25446617,48.4,11,0,0,0
Wednesday,14-May-14,39.72107925,Laura,East,Mario,63.82540822,31.1,1,0,0,0
Wednesday,14-May-14,36.09586534,Laura,Centre,Mario,61.39450562,38.8,3,0,0,0
Wednesday,14-May-14,27.94963057,Laura,West,Mario,66.29078883,39.3,5,0,0,1
Wednesday,14-May-14,40.44330878,Laura,Centre,Salvatore,61.93541545,44.5,6,1,1,0
Thursday,15-May-14,19.73821649,Laura,East,Bruno,77.59543476,12.8,1,0,0,0
Thursday,15-May-14,32.84259963,Laura,Centre,Mario,64.30682937,48.7,3,0,0,0
Thursday,15-May-14,32.64064824,Laura,West,Bruno,61.08388292,32.3,1,0,0,0
Thursday,15-May-14,46.24096432,Laura,Centre,Mario,59.23818434,52.5,7,1,1,0
Thursday,15-May-14,26.94485269,Melissa,Centre,Mario,66.72652354,42.2,3,0,0,0
Thursday,15-May-14,36.37972212,Melissa,West,Salvatore,67.32509541,34.4,2,0,0,0
Thursday,15-May-14,39.73453523,Laura,West,Salvatore,61.42929337,49.2,5,0,0,0
Thursday,15-May-14,38.948032,Laura,West,Bruno,57.27984286,56.5,2,0,0,0
Thursday,15-May-14,29.70516543,Laura,East,Bruno,61.87009832,44.5,2,0,0,0
Thursday,15-May-14,38.50738045,Laura,Centre,Mario,70.61465095,23.6,2,0,0,0
Thursday,15-May-14,27.26014021,Melissa,Centre,Bruno,73.5348812,29.2,2,0,0,1
Thursday,15-May-14,42.78521824,Laura,West,Salvatore,52.12937374,52.5,4,1,1,0
Thursday,15-May-14,34.80403743,Melissa,East,Mario,63.78835936,24.9,2,0,0,0
Thursday,15-May-14,38.86745359,Laura,Centre,Salvatore,56.74996914,51.4,2,0,0,1
Thursday,15-May-14,36.66636794,Melissa,Centre,Salvatore,61.83459439,40.8,6,0,0,0
Thursday,15-May-14,38.15232235,Melissa,Centre,Bruno,60.04866286,46.9,2,0,0,0
Thursday,15-May-14,35.72327875,Laura,Centre,Mario,62.09031985,59.9,2,0,0,1
Thursday,15-May-14,51.17208951,Melissa,Centre,Mario,68.98507886,40.7,2,1,1,0
Thursday,15-May-14,31.95945999,Melissa,East,Salvatore,58.27455622,38.8,4,0,0,0
Thursday,15-May-14,31.89661501,Melissa,Centre,Bruno,64.05026459,39.7,2,0,0,1
Thursday,15-May-14,22.99509056,Laura,West,Mario,65.91898319,60.5,1,0,0,1
Thursday,15-May-14,24.80434823,Laura,East,Bruno,70.73439493,35.7,2,0,0,1
Thursday,15-May-14,20.27700631,Melissa,West,Bruno,72.30022945,20.7,3,0,0,0
Thursday,15-May-14,21.42574195,Laura,East,Mario,78.25953177,18,1,0,0,0
Thursday,15-May-14,28.40533669,Laura,Centre,Mario,65.80946813,44.1,4,0,0,0
Thursday,15-May-14,35.83609723,Melissa,West,Salvatore,60.15268985,30.5,2,0,0,1
Thursday,15-May-14,32.28491096,Laura,East,Bruno,55.53812898,34.3,3,0,0,0
Thursday,15-May-14,38.74300597,Laura,East,Mario,65.48270627,34.4,2,0,0,1
Thursday,15-May-14,32.86014052,Laura,Centre,Mario,60.00833046,37.5,2,0,0,1
Thursday,15-May-14,33.23912483,Laura,West,Salvatore,62.11780853,37.6,4,0,0,0
Thursday,15-May-14,39.52672356,Laura,East,Bruno,68.34217853,57.6,2,0,0,0
Thursday,15-May-14,30.0452255,Laura,West,Salvatore,64.19643283,34.1,1,0,0,0
Thursday,15-May-14,28.94510247,Melissa,West,Mario,51.45507559,33.5,4,0,0,0
Thursday,15-May-14,36.05930393,Melissa,West,Salvatore,66.22157635,48.9,6,0,0,0
Thursday,15-May-14,31.48648777,Laura,Centre,Mario,58.20191267,44.7,5,0,0,1
Thursday,15-May-14,35.72337992,Laura,Centre,Bruno,60.06522711,48,4,0,0,1
Thursday,15-May-14,38.17039352,Laura,West,Bruno,64.44911915,45.2,2,0,0,1
Friday,16-May-14,32.68818143,Melissa,East,Luigi,66.35291876,51.3,2,0,0,0
Friday,16-May-14,32.3691207,Laura,Centre,Salvatore,60.07785892,30.7,2,0,0,0
Friday,16-May-14,36.0696918,Melissa,West,Mario,61.93450531,53.1,4,0,0,0
Friday,16-May-14,33.71753113,Melissa,East,Bruno,66.74026047,50.1,3,0,0,0
Friday,16-May-14,41.73238249,Melissa,West,Salvatore,57.20213266,45.4,5,1,1,0
Friday,16-May-14,27.68347951,Laura,East,Luigi,73.3821524,32.4,2,0,0,1
Friday,16-May-14,25.51679563,Laura,West,Bruno,74.18129653,28.4,2,0,0,0
Friday,16-May-14,30.66193038,Melissa,Centre,Bruno,59.67218925,51.2,3,0,0,0
Friday,16-May-14,35.16376431,Melissa,Centre,Salvatore,50.36467533,50.1,3,0,0,1
Friday,16-May-14,35.3953872,Melissa,West,Bruno,54.18407695,50.4,4,0,0,1
Friday,16-May-14,39.20927674,Laura,Centre,Salvatore,59.21979067,53.7,3,0,0,0
Friday,16-May-14,32.23529423,Laura,East,Bruno,64.02404023,30.3,1,0,0,0
Friday,16-May-14,49.73032018,Laura,East,Mario,66.56824491,46.9,4,1,1,0
Friday,16-May-14,34.2951289,Laura,East,Mario,64.102461,19.6,2,0,0,1
Friday,16-May-14,25.03448117,Melissa,East,Mario,72.71522173,52.5,2,0,0,0
Friday,16-May-14,33.98576306,Melissa,West,Salvatore,64.40253185,39.2,3,0,0,0
Friday,16-May-14,38.68589471,Laura,Centre,Bruno,49.78357956,54.9,8,0,0,0
Friday,16-May-14,38.45576966,Melissa,East,Luigi,74.64919767,34.5,3,0,0,0
Friday,16-May-14,27.52305033,Laura,East,Mario,68.35624723,47.7,6,0,0,0
Friday,16-May-14,34.31370729,Laura,Centre,Salvatore,60.43034944,48.4,3,0,0,0
Friday,16-May-14,37.6072847,Melissa,East,Mario,54.19048752,34.9,4,0,0,0
Friday,16-May-14,31.15171531,Melissa,Centre,Luigi,49.9404191,53.7,6,0,0,0
Friday,16-May-14,31.48410028,Melissa,West,Salvatore,62.00921676,45.6,7,0,0,0
Friday,16-May-14,36.04961737,Laura,Centre,Bruno,53.04644681,51.1,5,0,0,0
Friday,16-May-14,26.94563648,Melissa,East,Salvatore,80.28268435,30.4,1,0,0,1
Friday,16-May-14,30.79092571,Melissa,West,Mario,50.23613066,42.2,4,0,0,1
Friday,16-May-14,32.7434649,Melissa,East,Salvatore,61.57614708,51.3,2,0,0,1
Friday,16-May-14,31.73343321,Melissa,West,Salvatore,61.77789549,39.2,3,0,0,1
Friday,16-May-14,28.18452486,Melissa,East,Salvatore,69.25124756,37.4,4,0,0,0
Friday,16-May-14,46.23579153,Melissa,Centre,Bruno,53.55743995,63.5,4,1,1,0
Friday,16-May-14,37.99476486,Laura,West,Salvatore,63.44287832,39.7,6,0,0,0
Friday,16-May-14,46.35360949,Laura,Centre,Mario,59.704989,45.9,4,1,1,0
Friday,16-May-14,34.98389992,Laura,West,Salvatore,66.05614933,51.1,2,0,0,1
Friday,16-May-14,32.99495654,Laura,Centre,Bruno,60.40572242,43.1,4,0,0,0
Friday,16-May-14,38.21780777,Melissa,West,Salvatore,51.19882721,41.8,4,0,0,1
Friday,16-May-14,27.67909617,Laura,Centre,Bruno,64.44512437,51.9,2,0,0,0
Friday,16-May-14,36.01804735,Melissa,Centre,Bruno,58.11676071,49.1,2,0,0,0
Friday,16-May-14,31.80441399,Laura,West,Luigi,64.07165444,51.8,4,0,0,0
Friday,16-May-14,31.44878119,Laura,West,Bruno,56.65159685,43.9,3,0,0,0
Friday,16-May-14,25.45039874,Melissa,East,Mario,65.15248944,39.8,2,0,0,0
Friday,16-May-14,38.30544086,Laura,West,Bruno,61.44764194,50.7,6,0,0,0
Friday,16-May-14,37.21598065,Melissa,West,Mario,62.98483575,46.3,8,0,0,0
Friday,16-May-14,33.81172791,Laura,Centre,Luigi,62.48684788,37.7,2,0,0,0
Friday,16-May-14,31.70418833,Melissa,East,Mario,65.78685018,49.2,2,0,0,0
Friday,16-May-14,38.63241355,Melissa,Centre,Bruno,60.90586531,38,6,0,0,0
Friday,16-May-14,30.80226225,Laura,East,Mario,62.598445,50.7,2,0,0,0
Friday,16-May-14,30.56442734,Melissa,Centre,Mario,54.21631721,52.5,4,0,0,1
Friday,16-May-14,46.94121071,Laura,Centre,Bruno,65.55532247,59,4,1,1,0
Friday,16-May-14,20.32885012,Laura,East,Mario,77.21346555,27.4,1,0,0,0
Friday,16-May-14,26.36949415,Laura,East,Luigi,72.99163471,49.5,4,0,0,0
Friday,16-May-14,39.41906323,Laura,Centre,Mario,55.53476699,38.4,3,0,0,0
Friday,16-May-14,34.7137981,Melissa,East,Luigi,65.75939389,30.6,3,0,0,0
Friday,16-May-14,28.08350928,Melissa,West,Mario,66.71554881,31.8,2,0,0,0
Friday,16-May-14,41.30104622,Melissa,West,Bruno,52.42262923,70.1,5,1,1,0
Friday,16-May-14,39.62425669,Melissa,West,Salvatore,60.58276502,39.2,3,0,0,0
Friday,16-May-14,33.82976738,Laura,East,Salvatore,67.92414484,53.9,2,0,0,0
Saturday,17-May-14,31.30318497,Laura,West,Domenico,68.98297257,39,2,0,0,0
Saturday,17-May-14,33.64167605,Laura,West,Salvatore,61.77636462,41.2,1,0,0,1
Saturday,17-May-14,28.27648157,Melissa,East,Bruno,67.74260031,42.9,2,0,0,0
Saturday,17-May-14,39.99104228,Melissa,East,Salvatore,59.79443359,37.6,4,0,0,1
Saturday,17-May-14,30.72510368,Laura,East,Domenico,54.54203806,28,1,0,0,1
Saturday,17-May-14,36.11700844,Laura,East,Domenico,72.5342684,64.4,1,0,0,1
Saturday,17-May-14,19.4474654,Laura,East,Domenico,71.71525939,12.4,1,0,0,0
Saturday,17-May-14,36.66098419,Laura,West,Bruno,65.12655881,61.2,4,0,0,0
Saturday,17-May-14,24.78541626,Laura,East,Domenico,75.97249528,19.5,1,0,0,0
Saturday,17-May-14,44.53889448,Laura,Centre,Bruno,53.60673182,49.1,3,1,1,0
Saturday,17-May-14,36.09669498,Melissa,Centre,Luigi,61.69219444,49.7,2,0,0,0
Saturday,17-May-14,22.55017049,Laura,East,Domenico,78.18409754,21,1,0,0,0
Saturday,17-May-14,38.67133723,Laura,East,Luigi,65.81677414,38.3,5,0,0,0
Saturday,17-May-14,39.54866975,Laura,Centre,Bruno,63.69462476,40.1,3,0,0,0
Saturday,17-May-14,39.67810333,Melissa,West,Bruno,54.01872574,47.3,3,0,0,0
Saturday,17-May-14,34.67300783,Melissa,East,Luigi,58.83082911,35.4,2,0,0,0
Saturday,17-May-14,31.91834215,Melissa,Centre,Bruno,59.88031645,47.4,2,0,0,1
Saturday,17-May-14,24.15069218,Melissa,West,Luigi,64.1319524,41.4,4,0,0,0
Saturday,17-May-14,33.77365162,Melissa,West,Bruno,60.32400531,57.8,2,0,0,0
Saturday,17-May-14,39.44589467,Laura,East,Domenico,59.41180106,53.6,2,0,0,1
Saturday,17-May-14,39.70351846,Melissa,West,Luigi,64.61274699,39.7,2,0,0,0
Saturday,17-May-14,32.92258659,Melissa,West,Luigi,67.42092518,50.5,3,0,0,1
Saturday,17-May-14,33.5766614,Melissa,West,Mario,62.39733776,45.7,2,0,0,1
Saturday,17-May-14,24.52638038,Laura,East,Salvatore,63.0747854,40.9,3,0,0,0
Saturday,17-May-14,38.28372321,Melissa,West,Salvatore,62.42323215,53.5,4,0,0,0
Saturday,17-May-14,28.63906784,Laura,Centre,Luigi,68.3009344,58,3,0,0,0
Saturday,17-May-14,36.11240221,Melissa,Centre,Luigi,64.25809882,58.5,2,0,0,0
Saturday,17-May-14,44.4678826,Melissa,Centre,Bruno,60.76132328,48.2,6,1,1,0
Saturday,17-May-14,34.66593399,Melissa,West,Salvatore,65.71381437,47,2,0,0,0
Saturday,17-May-14,35.47348435,Laura,West,Bruno,64.65914695,50.4,2,0,0,0
Saturday,17-May-14,29.80309918,Laura,West,Luigi,65.0068262,45.7,5,0,0,0
Saturday,17-May-14,31.04723541,Laura,Centre,Domenico,65.63451685,31.7,4,0,0,0
Saturday,17-May-14,37.58359313,Melissa,East,Domenico,68.8938981,30.8,1,0,0,1
Saturday,17-May-14,39.48833019,Melissa,Centre,Bruno,61.32828659,50.1,5,0,0,0
Saturday,17-May-14,29.07104888,Melissa,East,Salvatore,63.7807374,59.2,3,0,0,1
Saturday,17-May-14,38.51216143,Melissa,West,Luigi,65.33382271,60.4,4,0,0,0
Saturday,17-May-14,39.55914226,Melissa,West,Salvatore,71.31458868,37.9,3,0,0,0
Saturday,17-May-14,44.53852166,Laura,West,Salvatore,60.28169631,41,4,1,1,0
Saturday,17-May-14,37.3847249,Melissa,East,Bruno,62.89191183,59.5,3,0,0,0
Saturday,17-May-14,33.68990373,Melissa,Centre,Bruno,71.79555337,46.4,2,0,0,0
Saturday,17-May-14,47.42237042,Melissa,Centre,Bruno,55.8566192,35.9,3,1,1,0
Saturday,17-May-14,38.5100406,Melissa,Centre,Bruno,53.5200831,50.2,3,0,0,0
Saturday,17-May-14,35.65219641,Melissa,West,Salvatore,65.57370462,36.7,3,0,0,0
Saturday,17-May-14,35.52690038,Melissa,East,Luigi,65.76342587,47.7,2,0,0,1
Saturday,17-May-14,32.86433159,Melissa,East,Salvatore,65.40604428,43.6,4,0,0,0
Saturday,17-May-14,33.05346611,Laura,East,Bruno,60.25166011,36.1,3,0,0,1
Saturday,17-May-14,42.21908419,Laura,West,Salvatore,61.95478587,44.5,2,1,1,0
Saturday,17-May-14,35.25313039,Laura,Centre,Luigi,49.9565306,51,2,0,0,1
Saturday,17-May-14,41.48328221,Laura,West,Bruno,60.30150616,53.3,3,1,1,0
Saturday,17-May-14,26.04181342,Melissa,Centre,Luigi,66.4029605,24.8,1,0,0,0
Saturday,17-May-14,23.03046487,Melissa,East,Luigi,72.35720082,15.7,1,0,0,1
Saturday,17-May-14,31.463729,Laura,West,Domenico,51.91791354,31.8,2,0,0,0
Sunday,18-May-14,29.03346372,Laura,East,Domenico,72.06565823,36.2,2,0,0,1
Sunday,18-May-14,22.59608314,Laura,East,Domenico,75.40816491,39.6,3,0,0,0
Sunday,18-May-14,28.01220611,Laura,Centre,Salvatore,64.08348698,25.8,6,0,0,0
Sunday,18-May-14,26.8535458,Laura,Centre,Mario,74.15444021,45.8,1,0,0,0
Sunday,18-May-14,32.82467905,Melissa,Centre,Luigi,59.60560146,31,4,0,0,0
Sunday,18-May-14,38.35437324,Laura,East,Domenico,81.28646865,28.2,1,0,0,0
Sunday,18-May-14,41.78606533,Melissa,Centre,Mario,46.91866361,63.3,4,1,0,0
Sunday,18-May-14,30.5980529,Laura,West,Domenico,64.45199345,50,3,0,0,0
Sunday,18-May-14,36.5035045,Melissa,Centre,Salvatore,65.54234123,45.4,4,0,0,0
Sunday,18-May-14,32.11234807,Melissa,West,Bruno,58.72840997,46.1,4,0,0,0
Sunday,18-May-14,29.04914497,Melissa,East,Domenico,77.7193945,45.5,3,0,0,1
Sunday,18-May-14,23.17269445,Melissa,East,Luigi,67.05223343,25.9,5,0,0,0
Sunday,18-May-14,32.08473748,Laura,East,Domenico,72.33272114,47,1,0,0,0
Sunday,18-May-14,31.98062529,Melissa,West,Domenico,67.13322315,30.8,7,0,0,0
Sunday,18-May-14,29.45880545,Melissa,West,Mario,69.54932758,34.5,2,0,0,0
Sunday,18-May-14,37.32505138,Laura,East,Domenico,59.01661741,36.7,2,0,0,0
Sunday,18-May-14,47.5993344,Laura,East,Mario,56.66772092,50.9,4,1,1,1
Sunday,18-May-14,28.97906469,Melissa,West,Domenico,71.91428312,26.7,2,0,0,0
Sunday,18-May-14,35.12770202,Melissa,Centre,Luigi,64.1376861,34.1,4,0,0,0
Sunday,18-May-14,31.35460337,Melissa,East,Luigi,64.50773285,42.3,3,0,0,0
Sunday,18-May-14,53.09626431,Laura,West,Bruno,61.80724269,56.8,2,1,1,0
Sunday,18-May-14,36.97434368,Melissa,West,Salvatore,61.466183,51,4,0,0,0
Sunday,18-May-14,39.65975679,Melissa,West,Mario,59.64226694,58.8,3,0,0,0
Sunday,18-May-14,15.09327023,Melissa,East,Domenico,80.20153517,26.3,1,0,0,1
Sunday,18-May-14,27.65421144,Melissa,East,Domenico,66.45319972,36.5,2,0,0,0
Sunday,18-May-14,43.68364573,Laura,West,Domenico,68.28565858,32.6,1,1,1,0
Sunday,18-May-14,25.14153367,Melissa,East,Domenico,71.16287259,22,2,0,0,0
Sunday,18-May-14,32.21850937,Laura,Centre,Bruno,50.39823044,58.3,4,0,0,0
Sunday,18-May-14,22.52078158,Laura,Centre,Domenico,65.17891481,31.5,1,0,0,0
Sunday,18-May-14,27.21132315,Melissa,East,Domenico,77.00377432,31.8,2,0,0,0
Sunday,18-May-14,45.81206522,Laura,West,Salvatore,66.94369101,54.4,5,1,1,0
Sunday,18-May-14,32.50238216,Melissa,East,Domenico,70.97117401,46.4,3,0,0,0
Sunday,18-May-14,44.05736921,Laura,East,Mario,69.40490487,28.8,1,1,1,1
Sunday,18-May-14,39.37375756,Laura,Centre,Mario,61.8472207,39.7,2,0,0,0
Sunday,18-May-14,19.64572278,Laura,East,Domenico,72.25578024,13.9,1,0,0,1
Sunday,18-May-14,36.9567851,Laura,West,Bruno,60.28806569,41.2,3,0,0,0
Sunday,18-May-14,42.19234606,Laura,West,Luigi,53.65448361,48.2,3,1,1,0
Sunday,18-May-14,38.25630357,Melissa,West,Bruno,66.180589,44.6,2,0,0,0
Sunday,18-May-14,35.03522491,Melissa,Centre,Bruno,64.0890125,60.9,3,0,0,0
Sunday,18-May-14,31.41845711,Laura,East,Salvatore,72.95826681,35.5,3,0,0,0
Sunday,18-May-14,42.62899805,Laura,Centre,Salvatore,59.39579495,49.3,3,1,0,0
Sunday,18-May-14,30.70359889,Melissa,Centre,Domenico,68.80314969,41.4,1,0,0,0
Sunday,18-May-14,41.30129045,Laura,West,Bruno,52.25120891,46.5,3,1,1,0
Sunday,18-May-14,25.75215022,Melissa,East,Luigi,64.28110367,20.3,1,0,0,0
Sunday,18-May-14,18.58977975,Laura,Centre,Domenico,79.68481766,52.9,6,0,0,0
Monday,19-May-14,28.0932386,Laura,Centre,Bruno,68.12567843,39.9,3,0,0,0
Monday,19-May-14,32.20449267,Laura,West,Salvatore,71.43098726,63.1,3,0,0,1
Monday,19-May-14,32.26620012,Laura,West,Salvatore,67.23886088,70.7,5,0,0,1
Monday,19-May-14,36.33355268,Laura,Centre,Bruno,65.51896602,40.4,2,0,0,1
Monday,19-May-14,26.56655671,Laura,West,Bruno,70.0816629,49.1,4,0,0,0
Monday,19-May-14,32.6063869,Laura,West,Bruno,49.29140018,36.4,4,0,0,0
Monday,19-May-14,27.55354524,Laura,East,Bruno,67.67974764,28.6,2,0,0,0
Monday,19-May-14,37.15670441,Laura,Centre,Salvatore,63.57443373,40,3,0,0,0
Monday,19-May-14,19.50260073,Laura,East,Bruno,78.78543559,20.9,2,0,0,0
Monday,19-May-14,31.47505216,Laura,East,Salvatore,57.98519784,38.1,2,0,0,1
Monday,19-May-14,34.39459589,Laura,West,Salvatore,54.93324376,43.2,4,0,0,1
Monday,19-May-14,29.63029428,Laura,West,Salvatore,66.62905852,49.9,2,0,0,0
Monday,19-May-14,32.07739932,Laura,Centre,Salvatore,64.32247509,52.5,2,0,0,1
Monday,19-May-14,34.31721605,Laura,West,Salvatore,45.0421592,36.2,3,0,0,0
Monday,19-May-14,15.67974575,Laura,East,Bruno,80.0342173,15.9,2,0,0,0
Monday,19-May-14,36.0970634,Laura,Centre,Salvatore,66.24757262,42,3,0,0,0
Monday,19-May-14,13.68229573,Laura,East,Bruno,84.57925517,9.1,1,0,0,1
Monday,19-May-14,42.95821362,Laura,West,Salvatore,77.1651354,34.8,2,1,1,1
Monday,19-May-14,35.59397349,Laura,Centre,Salvatore,65.63351914,37.8,2,0,0,0
Monday,19-May-14,38.99315917,Laura,West,Salvatore,64.85021458,51.4,5,0,0,0
Monday,19-May-14,34.78394422,Laura,West,Salvatore,51.0389842,59.6,2,0,0,0
Monday,19-May-14,35.55712886,Laura,West,Salvatore,49.5383437,43.1,3,0,0,0
Monday,19-May-14,39.19397234,Laura,Centre,Salvatore,52.24678666,54.8,5,0,0,0
Monday,19-May-14,30.51053999,Laura,East,Bruno,61.2594454,42,1,0,0,0
Monday,19-May-14,48.70978176,Laura,West,Bruno,57.01304967,66.1,3,1,1,0
Monday,19-May-14,34.43605118,Laura,Centre,Salvatore,64.56399946,56.8,6,0,0,0
Monday,19-May-14,30.70874689,Laura,West,Salvatore,67.13775551,37.1,2,0,0,0
Monday,19-May-14,35.40449555,Laura,East,Salvatore,69.80871036,42.1,4,0,0,1
Monday,19-May-14,38.68658957,Laura,Centre,Bruno,51.86271397,65.8,4,0,0,0
Monday,19-May-14,30.11737347,Laura,West,Bruno,55.88131322,55.7,4,0,0,0
Monday,19-May-14,29.00588078,Laura,West,Bruno,63.55764142,57.3,3,0,0,0
Monday,19-May-14,29.99559051,Laura,Centre,Bruno,61.07473553,46.1,3,0,0,0
Monday,19-May-14,29.71956785,Laura,East,Bruno,71.08517585,35.5,1,0,0,0
Monday,19-May-14,35.88196665,Laura,West,Salvatore,62.63938001,36.4,2,0,0,0
Monday,19-May-14,42.82778176,Laura,West,Salvatore,59.02389307,41,3,1,1,0
Monday,19-May-14,22.92260114,Laura,East,Salvatore,73.93340045,46.2,2,0,0,1
Monday,19-May-14,40.78811143,Laura,West,Bruno,57.06381668,38.4,4,1,0,0
Monday,19-May-14,40.91841845,Laura,Centre,Salvatore,49.92100904,45.7,4,1,1,0
Tuesday,20-May-14,33.22566095,Melissa,East,Bruno,76.60443807,45.6,2,0,0,0
Tuesday,20-May-14,44.88197311,Melissa,Centre,Mario,63.60124959,38.4,4,1,1,1
Tuesday,20-May-14,29.6624464,Melissa,West,Bruno,59.04140471,39.3,3,0,0,0
Tuesday,20-May-14,37.10686017,Melissa,West,Bruno,67.62588705,27.8,3,0,0,0
Tuesday,20-May-14,36.69331554,Melissa,Centre,Mario,58.46579248,35.1,5,0,0,0
Tuesday,20-May-14,24.95011782,Melissa,East,Bruno,70.98436314,35.1,1,0,0,1
Tuesday,20-May-14,44.28727998,Melissa,West,Mario,57.40897137,41.8,3,1,1,0
Tuesday,20-May-14,21.16254642,Melissa,East,Bruno,68.60356682,45.4,5,0,0,0
Tuesday,20-May-14,35.48394682,Melissa,Centre,Bruno,63.14414257,53.6,4,0,0,0
Tuesday,20-May-14,39.58229082,Melissa,East,Mario,63.38516308,34.6,4,0,0,0
Tuesday,20-May-14,40.45613046,Melissa,West,Bruno,63.50901544,63.6,4,1,1,0
Tuesday,20-May-14,33.86849009,Melissa,Centre,Mario,69.61970424,71.7,2,0,0,0
Tuesday,20-May-14,36.4936706,Melissa,East,Mario,65.2074913,34.3,5,0,0,0
Tuesday,20-May-14,45.56226055,Melissa,Centre,Bruno,56.19191013,55.7,3,1,1,0
Tuesday,20-May-14,25.40328814,Melissa,East,Bruno,71.55362079,36.8,2,0,0,1
Tuesday,20-May-14,30.78116318,Melissa,Centre,Mario,66.90235849,27.8,3,0,0,0
Tuesday,20-May-14,29.01168087,Melissa,West,Mario,70.35315074,28.4,2,0,0,0
Tuesday,20-May-14,33.2457755,Melissa,Centre,Bruno,65.05458274,37,3,0,0,0
Tuesday,20-May-14,36.81768151,Melissa,East,Bruno,68.89865628,44.2,6,0,0,0
Tuesday,20-May-14,34.74265372,Melissa,East,Mario,63.25308008,47.7,2,0,0,0
Tuesday,20-May-14,37.60990691,Melissa,West,Mario,65.51816337,36.2,3,0,0,0
Tuesday,20-May-14,41.50549345,Melissa,East,Bruno,63.73422808,37.9,7,1,1,0
Tuesday,20-May-14,36.22010334,Melissa,Centre,Bruno,58.43261416,60.8,5,0,0,0
Tuesday,20-May-14,35.98015706,Melissa,Centre,Bruno,61.28178977,39,4,0,0,0
Tuesday,20-May-14,32.43635771,Melissa,Centre,Bruno,70.4610348,25.7,2,0,0,1
Tuesday,20-May-14,38.33604061,Melissa,East,Mario,66.70875203,37.5,4,0,0,0
Tuesday,20-May-14,40.81386373,Melissa,West,Bruno,52.69797914,50,4,1,1,0
Tuesday,20-May-14,41.79762914,Melissa,West,Bruno,60.8799351,35,3,1,1,0
Tuesday,20-May-14,33.79449781,Melissa,Centre,Mario,57.12462626,57.7,3,0,0,0
Tuesday,20-May-14,40.08802044,Melissa,Centre,Bruno,65.55224548,50.3,4,1,0,0
Tuesday,20-May-14,39.27825699,Melissa,Centre,Bruno,55.92043384,40.4,3,0,0,0
Tuesday,20-May-14,30.11048957,Melissa,West,Mario,57.0456299,42.9,4,0,0,1
Tuesday,20-May-14,32.96422325,Melissa,Centre,Bruno,58.79101416,52.9,4,0,0,0
Tuesday,20-May-14,28.49392489,Melissa,East,Bruno,69.10167132,54,2,0,0,0
Tuesday,20-May-14,40.54133227,Melissa,Centre,Bruno,61.48192926,53.1,2,1,1,0
Tuesday,20-May-14,36.44812754,Melissa,Centre,Bruno,62.51026284,54.4,6,0,0,0
Wednesday,21-May-14,33.61807424,Laura,West,Mario,68.03772603,41.9,2,0,0,0
Wednesday,21-May-14,40.38066323,Melissa,Centre,Salvatore,61.84655093,51.5,3,1,1,0
Wednesday,21-May-14,37.82279776,Melissa,West,Mario,65.64240872,45.3,3,0,0,0
Wednesday,21-May-14,30.61026386,Melissa,East,Salvatore,58.12391317,27.6,2,0,0,0
Wednesday,21-May-14,38.79548253,Laura,West,Mario,65.57307667,44.1,2,0,0,0
Wednesday,21-May-14,31.20852562,Laura,West,Salvatore,64.79360797,46.6,4,0,0,0
Wednesday,21-May-14,36.96798946,Melissa,East,Mario,75.65283831,27.6,1,0,0,0
Wednesday,21-May-14,44.7634224,Melissa,Centre,Salvatore,45.68095746,54.3,7,1,1,0
Wednesday,21-May-14,32.75646477,Laura,Centre,Mario,52.31433975,44.2,6,0,0,0
Wednesday,21-May-14,38.3856127,Laura,East,Salvatore,67.18676759,52.7,2,0,0,0
Wednesday,21-May-14,37.9478322,Laura,West,Mario,59.56219887,44.7,3,0,0,0
Wednesday,21-May-14,40.34798542,Melissa,Centre,Mario,52.16067685,42.9,3,1,1,0
Wednesday,21-May-14,37.41894368,Melissa,West,Mario,50.53333736,56.3,3,0,0,0
Wednesday,21-May-14,26.90195757,Laura,East,Mario,80.49366458,26.1,1,0,0,0
Wednesday,21-May-14,35.60538665,Melissa,Centre,Mario,55.52673204,75,4,0,0,0
Wednesday,21-May-14,45.67553446,Melissa,West,Mario,65.00117683,45.1,5,1,1,0
Wednesday,21-May-14,39.99209863,Melissa,West,Salvatore,65.96514136,43.5,3,0,0,0
Wednesday,21-May-14,40.61493241,Melissa,East,Mario,62.24495243,51.3,4,1,1,0
Wednesday,21-May-14,25.81761159,Melissa,East,Mario,63.01155163,46.9,2,0,0,0
Wednesday,21-May-14,36.56075177,Melissa,West,Salvatore,58.65840051,53.3,5,0,0,0
Wednesday,21-May-14,35.43669869,Laura,East,Mario,69.35232668,36.9,2,0,0,0
Wednesday,21-May-14,21.37874633,Laura,East,Mario,66.01283814,31.9,2,0,0,0
Wednesday,21-May-14,30.64717862,Laura,East,Mario,69.14094814,29.7,1,0,0,0
Wednesday,21-May-14,25.84539858,Melissa,Centre,Mario,65.92760186,39.3,4,0,0,0
Wednesday,21-May-14,22.30364017,Laura,East,Mario,71.78682994,24.9,1,0,0,1
Wednesday,21-May-14,30.89507992,Laura,East,Mario,59.35499995,54.7,4,0,0,0
Wednesday,21-May-14,28.89869177,Laura,West,Salvatore,60.58511243,29.7,1,0,0,0
Wednesday,21-May-14,33.94195955,Laura,East,Mario,60.51301229,48.5,2,0,0,0
Wednesday,21-May-14,39.23246908,Melissa,Centre,Mario,63.34821027,49.1,9,0,0,0
Wednesday,21-May-14,30.26611527,Melissa,Centre,Salvatore,60.05613006,69.3,3,0,0,0
Wednesday,21-May-14,43.38030248,Melissa,Centre,Salvatore,61.31148914,32.8,4,1,1,0
Wednesday,21-May-14,34.31190156,Melissa,West,Mario,59.16254954,38.7,3,0,0,0
Wednesday,21-May-14,37.12305816,Melissa,West,Salvatore,55.70461624,51.4,3,0,0,0
Thursday,22-May-14,36.99224544,Melissa,West,Salvatore,65.61155288,41.3,3,0,0,1
Thursday,22-May-14,33.05295894,Melissa,East,Mario,61.47750554,68.9,5,0,0,0
Thursday,22-May-14,35.16782677,Laura,West,Mario,58.23906869,50.1,3,0,0,1
Thursday,22-May-14,33.59324618,Laura,Centre,Mario,63.2045436,48.3,3,0,0,0
Thursday,22-May-14,40.01762373,Melissa,West,Salvatore,54.02586453,56.3,6,1,1,0
Thursday,22-May-14,36.31462004,Melissa,West,Salvatore,66.94649693,47.3,3,0,0,0
Thursday,22-May-14,29.02858634,Melissa,West,Mario,67.18398902,56.2,2,0,0,0
Thursday,22-May-14,31.47125429,Melissa,West,Mario,58.35722143,47.9,3,0,0,0
Thursday,22-May-14,25.98600496,Laura,East,Mario,71.62110127,40.2,2,0,0,0
Thursday,22-May-14,33.17535035,Melissa,Centre,Mario,63.1136711,46,3,0,0,0
Thursday,22-May-14,21.6337741,Melissa,West,Mario,68.43000976,31.7,1,0,0,1
Thursday,22-May-14,38.53736311,Laura,East,Salvatore,59.43229094,44.5,7,0,0,0
Thursday,22-May-14,36.03650422,Laura,East,Salvatore,69.60261857,47.9,2,0,0,0
Thursday,22-May-14,26.04979857,Melissa,East,Salvatore,64.25276123,48.4,2,0,0,0
Thursday,22-May-14,27.75306329,Melissa,East,Bruno,64.88590955,43.5,2,0,0,0
Thursday,22-May-14,34.64220754,Laura,West,Salvatore,65.77636064,32.1,2,0,0,1
Thursday,22-May-14,40.23841757,Laura,East,Mario,74.54499992,27.2,2,1,1,0
Thursday,22-May-14,38.14588061,Laura,West,Mario,62.46604622,53.7,4,0,0,0
Thursday,22-May-14,39.04397528,Laura,West,Mario,54.05791682,60.3,4,0,0,0
Thursday,22-May-14,37.18679223,Laura,West,Salvatore,65.35337519,47.4,4,0,0,0
Thursday,22-May-14,32.42032203,Melissa,West,Mario,67.19792863,47.8,2,0,0,1
Thursday,22-May-14,41.66685298,Laura,Centre,Salvatore,55.02829462,56.6,4,1,1,0
Thursday,22-May-14,31.36278454,Melissa,East,Mario,64.60173476,26.3,2,0,0,0
Thursday,22-May-14,27.73220252,Laura,West,Mario,68.62667181,36.3,3,0,0,0
Thursday,22-May-14,37.98109318,Laura,East,Mario,69.17844115,25.9,2,0,0,0
Thursday,22-May-14,36.02980764,Melissa,West,Bruno,55.10237179,52.2,9,0,0,0
Thursday,22-May-14,30.94094835,Laura,Centre,Mario,62.28311797,61.3,4,0,0,0
Thursday,22-May-14,39.77778367,Laura,Centre,Bruno,53.28491612,44.4,4,0,0,0
Thursday,22-May-14,32.99278606,Melissa,East,Salvatore,57.07739355,46.5,2,0,0,0
Thursday,22-May-14,37.73900991,Melissa,Centre,Salvatore,64.47575886,60.4,2,0,0,0
Thursday,22-May-14,41.76856482,Melissa,East,Bruno,58.23011963,39.6,3,1,1,1
Thursday,22-May-14,30.06998561,Laura,East,Bruno,64.95802769,31.3,1,0,0,0
Thursday,22-May-14,36.61854057,Laura,Centre,Salvatore,64.79868055,44.8,4,0,0,0
Thursday,22-May-14,38.86458942,Melissa,East,Mario,56.31454835,39.5,4,0,0,0
Thursday,22-May-14,35.32651606,Laura,Centre,Mario,61.432676,48.5,3,0,0,0
Thursday,22-May-14,48.65381431,Melissa,Centre,Bruno,52.3307619,61.2,4,1,1,0
Friday,23-May-14,35.14333121,Melissa,East,Mario,69.53124018,27.9,2,0,0,0
Friday,23-May-14,22.74040941,Laura,East,Bruno,66.98920107,30.4,1,0,0,1
Friday,23-May-14,23.87917457,Melissa,West,Salvatore,75.52247414,25.9,1,0,0,0
Friday,23-May-14,35.5594752,Melissa,Centre,Bruno,58.95421303,50.1,4,0,0,0
Friday,23-May-14,34.42028705,Melissa,Centre,Mario,55.52386664,38.7,3,0,0,1
Friday,23-May-14,26.13852343,Laura,East,Luigi,75.27530498,37.3,2,0,0,0
Friday,23-May-14,27.53214241,Melissa,West,Luigi,65.61035001,43.9,4,0,0,1
Friday,23-May-14,42.44494101,Melissa,Centre,Mario,58.08594555,50.5,5,1,1,0
Friday,23-May-14,34.25185056,Melissa,East,Luigi,54.33411801,31.1,2,0,0,1
Friday,23-May-14,33.30601591,Melissa,East,Mario,62.24375153,57.6,2,0,0,0
Friday,23-May-14,24.52139737,Melissa,West,Salvatore,62.25611666,44.6,3,0,0,0
Friday,23-May-14,37.12621429,Melissa,West,Salvatore,61.28061503,56.6,6,0,0,0
Friday,23-May-14,24.30999574,Melissa,East,Mario,68.45504245,50.2,1,0,0,1
Friday,23-May-14,29.71580017,Melissa,Centre,Luigi,67.56777632,45.5,2,0,0,0
Friday,23-May-14,45.88159379,Laura,West,Mario,61.93516634,62.7,5,1,0,0
Friday,23-May-14,38.93401413,Melissa,East,Salvatore,73.24103552,39,2,0,0,0
Friday,23-May-14,33.81037036,Laura,Centre,Bruno,58.53865582,51.8,3,0,0,0
Friday,23-May-14,43.17861716,Melissa,East,Mario,69.16427172,42.6,3,1,0,0
Friday,23-May-14,40.8700571,Melissa,Centre,Bruno,61.92120956,64.9,5,1,1,0
Friday,23-May-14,33.72129678,Melissa,West,Salvatore,55.35452815,64.5,5,0,0,0
Friday,23-May-14,38.95432,Laura,Centre,Salvatore,68.6015376,43.5,3,0,0,0
Friday,23-May-14,32.17951887,Melissa,West,Bruno,66.76546653,43.5,4,0,0,0
Friday,23-May-14,27.93116591,Laura,East,Luigi,72.10132572,46.6,2,0,0,0
Friday,23-May-14,35.0575055,Melissa,Centre,Mario,57.54135493,46.6,3,0,0,0
Friday,23-May-14,35.76244313,Laura,East,Luigi,53.79945552,36.4,3,0,0,0
Friday,23-May-14,45.2057717,Laura,East,Luigi,58.20457167,38.6,3,1,1,0
Friday,23-May-14,23.50312029,Melissa,East,Bruno,56.42343947,28.6,3,0,0,0
Friday,23-May-14,40.91120486,Laura,West,Salvatore,62.40666994,53.5,4,1,1,0
Friday,23-May-14,39.69831218,Melissa,Centre,Mario,61.34466317,49.2,3,0,0,0
Friday,23-May-14,43.18028078,Melissa,Centre,Salvatore,60.72086286,50.5,4,1,1,0
Friday,23-May-14,28.81471838,Melissa,West,Salvatore,66.92134682,51.1,4,0,0,0
Friday,23-May-14,23.53652761,Laura,East,Mario,62.19052012,43.1,1,0,0,0
Friday,23-May-14,26.18872829,Melissa,West,Salvatore,74.30711822,23.3,2,0,0,0
Friday,23-May-14,27.14131429,Laura,East,Bruno,63.94568674,29.7,5,0,0,0
Friday,23-May-14,30.70907019,Laura,West,Mario,50.99404488,49.7,3,0,0,0
Friday,23-May-14,33.416344,Laura,East,Luigi,73.66362592,20.1,3,0,0,0
Friday,23-May-14,31.12194049,Melissa,Centre,Luigi,47.88672863,31.6,2,0,0,0
Friday,23-May-14,30.22367225,Melissa,Centre,Luigi,60.91005495,57.3,3,0,0,0
Friday,23-May-14,31.42833903,Melissa,East,Luigi,57.40110941,27.3,5,0,0,0
Friday,23-May-14,29.08404462,Melissa,Centre,Mario,62.07814573,28.3,3,0,0,0
Friday,23-May-14,25.18743961,Melissa,West,Mario,70.10562097,40.8,2,0,0,0
Friday,23-May-14,34.31531736,Melissa,West,Bruno,59.31116037,53.1,4,0,0,0
Friday,23-May-14,29.71282674,Laura,West,Luigi,49.50131956,33.1,2,0,0,1
Friday,23-May-14,46.04149578,Laura,Centre,Luigi,51.77251268,49.5,3,1,1,1
Friday,23-May-14,44.07139763,Laura,Centre,Luigi,58.88892646,58.9,5,1,1,0
Saturday,24-May-14,29.77826196,Laura,East,Salvatore,60.69506106,39.4,3,0,0,0
Saturday,24-May-14,32.37944321,Melissa,East,Luigi,64.76850988,34.7,2,0,0,0
Saturday,24-May-14,36.74544819,Melissa,West,Bruno,58.49294311,43.3,3,0,0,1
Saturday,24-May-14,19.7819867,Laura,East,Domenico,73.09232532,20.5,1,0,0,0
Saturday,24-May-14,25.78838141,Laura,East,Salvatore,67.03838516,54.1,1,0,0,0
Saturday,24-May-14,38.22397306,Laura,Centre,Bruno,55.87292497,61.4,3,0,0,0
Saturday,24-May-14,30.52341322,Melissa,East,Mario,74.31087295,32.2,2,0,0,0
Saturday,24-May-14,39.73818101,Melissa,Centre,Salvatore,58.19956413,43.6,6,0,0,0
Saturday,24-May-14,28.65563339,Laura,West,Salvatore,69.7566077,46.4,3,0,0,0
Saturday,24-May-14,29.40754557,Laura,East,Luigi,67.88400637,27.8,1,0,0,0
Saturday,24-May-14,29.30972684,Melissa,Centre,Domenico,62.55342365,37.9,2,0,0,0
Saturday,24-May-14,30.74373178,Laura,East,Luigi,67.86818665,30.4,1,0,0,0
Saturday,24-May-14,34.66744861,Laura,East,Domenico,57.0450147,26,4,0,0,0
Saturday,24-May-14,21.69158362,Melissa,Centre,Domenico,69.63248416,24.1,1,0,0,0
Saturday,24-May-14,36.42974991,Melissa,East,Bruno,58.87547564,52.8,4,0,0,0
Saturday,24-May-14,23.94672603,Laura,East,Domenico,74.27691517,29,3,0,0,0
Saturday,24-May-14,36.25999733,Laura,East,Bruno,56.93954566,50.6,4,0,0,1
Saturday,24-May-14,37.46705548,Laura,Centre,Bruno,53.0847694,43.5,3,0,0,0
Saturday,24-May-14,37.01762268,Laura,East,Luigi,58.97030897,42.9,6,0,0,0
Saturday,24-May-14,35.67092205,Melissa,West,Bruno,55.92956662,54.6,3,0,0,0
Saturday,24-May-14,25.78553549,Melissa,Centre,Domenico,71.78503389,23.3,1,0,0,1
Saturday,24-May-14,29.46893212,Melissa,West,Domenico,74.20392358,23.3,6,0,0,1
Saturday,24-May-14,33.92018047,Laura,East,Luigi,68.94071453,51.1,4,0,0,1
Saturday,24-May-14,37.17813981,Melissa,East,Mario,63.73452559,29.1,2,0,0,1
Saturday,24-May-14,36.50454631,Melissa,East,Domenico,70.79622514,37.1,2,0,0,0
Saturday,24-May-14,22.53676763,Laura,East,Luigi,58.93257091,39.3,1,0,0,1
Saturday,24-May-14,27.2339648,Laura,East,Mario,51.39865614,40.5,3,0,0,1
Saturday,24-May-14,30.16414159,Melissa,Centre,Bruno,66.0222396,63,4,0,0,0
Saturday,24-May-14,42.86296416,Laura,West,Bruno,64.00713991,48.3,8,1,0,0
Saturday,24-May-14,34.78785571,Laura,Centre,Salvatore,58.02362189,54.3,7,0,0,1
Saturday,24-May-14,21.86077329,Laura,East,Mario,77.29169496,21.6,3,0,0,0
Saturday,24-May-14,33.29140063,Melissa,West,Mario,53.10754266,39.6,4,0,0,0
Saturday,24-May-14,30.78706943,Melissa,Centre,Luigi,62.64997076,49.4,3,0,0,0
Saturday,24-May-14,21.58552769,Laura,West,Salvatore,67.86008567,47.5,1,0,0,0
Saturday,24-May-14,40.79712995,Laura,Centre,Salvatore,48.98050174,54.9,5,1,1,0
Saturday,24-May-14,31.68179859,Laura,East,Salvatore,62.54276926,53.2,2,0,0,0
Saturday,24-May-14,45.56189901,Laura,West,Bruno,46.84435473,42.2,3,1,1,0
Saturday,24-May-14,27.19460618,Laura,East,Domenico,67.58282851,29.1,1,0,0,0
Saturday,24-May-14,43.31137146,Laura,West,Salvatore,53.32794858,43,2,1,1,1
Saturday,24-May-14,36.37278559,Laura,West,Salvatore,61.16787845,55,3,0,0,0
Saturday,24-May-14,38.02267796,Laura,West,Bruno,66.41566469,32.7,3,0,0,0
Saturday,24-May-14,28.7038741,Laura,West,Domenico,62.24283188,33.9,2,0,0,0
Saturday,24-May-14,32.25499105,Melissa,East,Salvatore,60.7103206,45.5,1,0,0,0
Saturday,24-May-14,33.32372026,Laura,East,Domenico,57.98705199,33.4,1,0,0,1
Saturday,24-May-14,26.96425042,Melissa,East,Domenico,48.15944663,19.9,2,0,0,0
Saturday,24-May-14,31.00010917,Laura,West,Domenico,62.9333359,32.3,3,0,0,0
Saturday,24-May-14,30.46332677,Laura,West,Luigi,67.442019,50.9,5,0,0,0
Saturday,24-May-14,28.70824216,Laura,West,Luigi,57.48351564,65.2,1,0,0,1
Saturday,24-May-14,32.31433053,Laura,West,Luigi,52.4869609,60.8,5,0,0,1
Sunday,25-May-14,41.66065372,Melissa,Centre,Bruno,66.48381256,38.2,5,1,1,0
Sunday,25-May-14,44.44253306,Melissa,Centre,Bruno,50.53822553,39.7,4,1,1,0
Sunday,25-May-14,37.84776215,Melissa,Centre,Salvatore,55.1924112,47.3,2,0,0,0
Sunday,25-May-14,37.86025078,Laura,West,Salvatore,65.10463666,39.9,5,0,0,0
Sunday,25-May-14,32.14106611,Melissa,Centre,Mario,66.25209693,51.6,2,0,0,1
Sunday,25-May-14,48.66219108,Melissa,East,Luigi,64.83199772,49.2,3,1,1,0
Sunday,25-May-14,41.61941663,Laura,Centre,Domenico,67.11638762,41.3,2,1,1,0
Sunday,25-May-14,45.43441288,Melissa,West,Bruno,58.52322893,37.6,3,1,0,1
Sunday,25-May-14,34.44085512,Laura,Centre,Luigi,54.12916502,45.6,4,0,0,1
Sunday,25-May-14,34.59696473,Melissa,East,Luigi,73.04806364,40.2,2,0,0,1
Sunday,25-May-14,31.9755791,Melissa,West,Mario,56.55951372,50.4,4,0,0,1
Sunday,25-May-14,36.22021569,Melissa,West,Mario,68.24393425,39.2,2,0,0,1
Sunday,25-May-14,34.43819684,Laura,Centre,Luigi,58.18902213,47.1,5,0,0,0
Sunday,25-May-14,35.41336281,Laura,East,Mario,68.73041387,47.2,2,0,0,1
Sunday,25-May-14,36.80782415,Laura,Centre,Salvatore,71.19371986,36.9,2,0,0,0
Sunday,25-May-14,26.3504225,Laura,Centre,Domenico,68.50914194,35.8,3,0,0,0
Sunday,25-May-14,20.34109464,Melissa,East,Domenico,79.1920987,25.4,1,0,0,0
Sunday,25-May-14,39.18777801,Laura,Centre,Salvatore,63.66749375,45.8,4,0,0,0
Sunday,25-May-14,24.25823614,Laura,West,Luigi,65.32368901,34.2,5,0,0,0
Sunday,25-May-14,44.70474082,Laura,East,Luigi,74.10997822,56.4,2,1,0,1
Sunday,25-May-14,27.31340391,Melissa,Centre,Domenico,64.07928442,37.4,3,0,0,1
Sunday,25-May-14,28.75597887,Laura,West,Domenico,67.28969643,28.6,1,0,0,0
Sunday,25-May-14,32.56791907,Melissa,Centre,Salvatore,55.63499905,54.7,3,0,0,0
Sunday,25-May-14,18.55345239,Melissa,East,Domenico,79.70520512,15.5,1,0,0,0
Sunday,25-May-14,39.25251667,Laura,Centre,Mario,61.86005953,36.1,2,0,0,0
Sunday,25-May-14,34.77784797,Melissa,East,Luigi,69.99744776,41.9,2,0,0,1
Sunday,25-May-14,40.87683059,Laura,Centre,Mario,56.70543815,49,2,1,1,0
Sunday,25-May-14,30.31645427,Laura,West,Luigi,68.90328855,42.3,2,0,0,0
Sunday,25-May-14,34.31770069,Laura,East,Mario,65.87212626,30.7,2,0,0,0
Sunday,25-May-14,35.84220458,Melissa,Centre,Bruno,48.52212914,45.5,5,0,0,0
Sunday,25-May-14,43.63153837,Laura,Centre,Salvatore,63.3715224,64.4,8,1,1,0
Sunday,25-May-14,35.61917969,Melissa,West,Mario,48.4254615,50,5,0,0,0
Sunday,25-May-14,36.24499457,Laura,Centre,Bruno,67.83014036,41.9,2,0,0,1
Sunday,25-May-14,37.37508204,Laura,Centre,Salvatore,54.10988975,38.9,3,0,0,0
Sunday,25-May-14,26.99079678,Laura,East,Mario,69.17808148,39.7,2,0,0,1
Sunday,25-May-14,31.62534899,Melissa,West,Mario,64.10092343,33.4,3,0,0,0
Sunday,25-May-14,24.62236466,Laura,East,Domenico,58.50074115,33.8,1,0,0,0
Sunday,25-May-14,27.13011169,Laura,East,Luigi,74.8603361,24.7,3,0,0,0
Sunday,25-May-14,34.6116508,Melissa,Centre,Luigi,57.24844633,35,4,0,0,0
Sunday,25-May-14,34.2230696,Laura,Centre,Salvatore,55.82078722,42.3,3,0,0,0
Sunday,25-May-14,32.98346952,Laura,East,Mario,60.61699678,47.2,2,0,0,1
Sunday,25-May-14,32.14387591,Melissa,West,Salvatore,65.89377732,34.1,2,0,0,0
Sunday,25-May-14,27.85794056,Melissa,West,Domenico,71.01311211,25,2,0,0,0
Sunday,25-May-14,37.77282308,Laura,Centre,Luigi,64.10885328,39.6,4,0,0,0
Monday,26-May-14,47.70200717,Laura,Centre,Bruno,56.87350573,49.7,3,1,1,0
Monday,26-May-14,29.33004831,Laura,Centre,Bruno,59.4608679,35.4,2,0,0,0
Monday,26-May-14,28.3006862,Laura,West,Bruno,56.93514969,40.1,2,0,0,0
Monday,26-May-14,31.70617035,Laura,West,Salvatore,60.55544465,47.2,2,0,0,0
Monday,26-May-14,33.95615003,Laura,Centre,Bruno,52.75517147,56.9,4,0,0,0
Monday,26-May-14,35.53549561,Laura,Centre,Bruno,63.55692287,57.7,3,0,0,0
Monday,26-May-14,26.9613531,Laura,Centre,Salvatore,72.38914129,25.7,3,0,0,1
Monday,26-May-14,46.63742207,Laura,Centre,Bruno,57.19884917,55.5,4,1,1,0
Monday,26-May-14,24.20022569,Laura,East,Salvatore,69.79677841,42.6,2,0,0,1
Monday,26-May-14,39.30223674,Laura,West,Salvatore,57.56783189,55.9,3,0,0,1
Monday,26-May-14,32.09825052,Laura,West,Salvatore,72.42868867,28.5,2,0,0,1
Monday,26-May-14,29.56050867,Laura,West,Bruno,73.36077447,32.9,1,0,0,0
Monday,26-May-14,23.26151257,Laura,East,Salvatore,73.52124627,17.1,2,0,0,0
Monday,26-May-14,38.69674904,Laura,East,Bruno,59.07048803,55.3,4,0,0,0
Monday,26-May-14,24.14426194,Laura,East,Salvatore,72.42535273,26.9,1,0,0,0
Monday,26-May-14,29.20122738,Laura,East,Bruno,66.82980428,32.1,1,0,0,0
Monday,26-May-14,36.39312104,Laura,West,Bruno,59.90867458,49.4,4,0,0,0
Monday,26-May-14,31.00129426,Laura,West,Bruno,58.79341252,39,4,0,0,0
Monday,26-May-14,36.62120727,Laura,Centre,Bruno,63.52234343,59.3,3,0,0,0
Monday,26-May-14,28.22617646,Laura,West,Salvatore,62.07729023,30.3,2,0,0,0
Monday,26-May-14,20.54509977,Laura,West,Salvatore,69.40278322,25,1,0,0,1
Monday,26-May-14,33.41818797,Laura,East,Salvatore,71.79624595,36.1,3,0,0,1
Monday,26-May-14,34.44926534,Laura,Centre,Bruno,56.13871709,36.2,2,0,0,1
Monday,26-May-14,39.11403591,Laura,Centre,Bruno,63.77649715,48,5,0,0,0
Monday,26-May-14,45.63899988,Laura,West,Salvatore,58.85052736,49.2,3,1,1,0
Monday,26-May-14,39.21273842,Laura,Centre,Salvatore,60.54407616,46.9,2,0,0,0
Monday,26-May-14,33.6238022,Laura,West,Bruno,62.77069185,57.7,6,0,0,0
Monday,26-May-14,43.62988951,Laura,West,Bruno,63.90851559,39.4,3,1,0,0
Monday,26-May-14,40.56208221,Laura,West,Salvatore,61.45966264,61.5,4,1,1,0
Monday,26-May-14,31.73461209,Laura,West,Bruno,66.15924576,38.6,2,0,0,0
Monday,26-May-14,33.86186886,Laura,West,Salvatore,52.16111516,58.3,2,0,0,0
Tuesday,27-May-14,43.86430369,Melissa,Centre,Bruno,62.35963392,59.6,3,1,0,0
Tuesday,27-May-14,24.09445258,Melissa,East,Bruno,70.19097946,20.4,1,0,0,1
Tuesday,27-May-14,40.34184196,Melissa,Centre,Bruno,62.65695062,47.5,3,1,1,1
Tuesday,27-May-14,18.99957712,Melissa,East,Mario,64.54860383,18.5,1,0,0,0
Tuesday,27-May-14,32.97728636,Melissa,Centre,Mario,62.8890304,43,3,0,0,0
Tuesday,27-May-14,46.36318303,Melissa,West,Bruno,66.72733653,38.5,2,1,0,1
Tuesday,27-May-14,33.42716846,Melissa,West,Bruno,60.11754381,34.9,1,0,0,1
Tuesday,27-May-14,25.2051965,Melissa,East,Mario,74.60359718,35.6,1,0,0,1
Tuesday,27-May-14,23.69355198,Melissa,East,Bruno,67.98431009,26.7,3,0,0,0
Tuesday,27-May-14,38.13148641,Melissa,West,Bruno,70.34003647,35.9,2,0,0,0
Tuesday,27-May-14,37.85439088,Melissa,East,Mario,48.72420046,35.8,3,0,0,0
Tuesday,27-May-14,28.79136034,Melissa,East,Bruno,72.66134227,34.9,2,0,0,0
Tuesday,27-May-14,39.95812882,Melissa,Centre,Bruno,65.8698897,40.7,3,0,0,0
Tuesday,27-May-14,41.48441159,Melissa,East,Mario,66.81442716,42.6,5,1,0,0
Tuesday,27-May-14,31.19068704,Melissa,Centre,Bruno,52.47610623,50.6,3,0,0,0
Tuesday,27-May-14,39.96924072,Melissa,West,Mario,63.4242725,36.1,3,0,0,0
Tuesday,27-May-14,25.93142878,Melissa,Centre,Mario,59.95671413,42.7,1,0,0,0
Tuesday,27-May-14,41.42648964,Melissa,Centre,Bruno,55.9639867,54.1,5,1,1,0
Tuesday,27-May-14,32.83185283,Melissa,West,Bruno,69.6828161,39.6,2,0,0,0
Tuesday,27-May-14,35.32909181,Melissa,Centre,Mario,55.15486714,46.8,5,0,0,0
Tuesday,27-May-14,30.46185854,Melissa,East,Mario,58.11910018,52.4,2,0,0,0
Tuesday,27-May-14,38.74393268,Melissa,West,Mario,59.87445339,44.1,2,0,0,0
Tuesday,27-May-14,44.42664234,Melissa,West,Mario,61.31523082,68.6,3,1,1,0
Tuesday,27-May-14,36.22458075,Melissa,Centre,Mario,62.1772136,60.8,2,0,0,0
Tuesday,27-May-14,19.65627367,Melissa,East,Mario,75.66144231,29.2,2,0,0,0
Tuesday,27-May-14,29.79321611,Melissa,East,Mario,72.01615416,51.6,1,0,0,0
Tuesday,27-May-14,34.11884347,Melissa,West,Mario,63.26824763,36.7,3,0,0,1
Tuesday,27-May-14,28.49762952,Melissa,Centre,Bruno,74.13814711,41.9,2,0,0,0
Tuesday,27-May-14,52.3167179,Melissa,Centre,Bruno,58.30057416,42.9,4,1,1,0
Tuesday,27-May-14,25.49994178,Melissa,East,Mario,64.62811557,32.5,1,0,0,0
Tuesday,27-May-14,37.37698339,Melissa,West,Mario,65.10494313,42.4,2,0,0,1
Tuesday,27-May-14,33.86977404,Melissa,East,Bruno,64.05604693,36.1,3,0,0,0
Tuesday,27-May-14,38.96244864,Melissa,West,Mario,53.77136968,60.5,4,0,0,0
Wednesday,28-May-14,34.42716256,Melissa,West,Salvatore,56.63798896,54.3,2,0,0,0
Wednesday,28-May-14,35.15408339,Laura,Centre,Salvatore,58.64116883,54.2,5,0,0,1
Wednesday,28-May-14,36.80968732,Melissa,West,Mario,58.34694593,59,3,0,0,0
Wednesday,28-May-14,45.31990868,Melissa,Centre,Mario,52.48830857,50.9,7,1,1,1
Wednesday,28-May-14,32.06049563,Melissa,West,Salvatore,59.52568319,41.9,3,0,0,0
Wednesday,28-May-14,26.40207388,Melissa,West,Salvatore,70.30618339,40.4,3,0,0,0
Wednesday,28-May-14,25.75863392,Melissa,East,Mario,74.3841598,28.3,1,0,0,0
Wednesday,28-May-14,30.5843502,Laura,West,Salvatore,59.520659,35.5,2,0,0,1
Wednesday,28-May-14,26.16330265,Melissa,East,Mario,67.29201694,23.9,2,0,0,0
Wednesday,28-May-14,34.48334416,Laura,West,Salvatore,67.49210717,30,4,0,0,0
Wednesday,28-May-14,31.60580449,Melissa,West,Mario,62.88425932,62.7,1,0,0,0
Wednesday,28-May-14,36.44019323,Melissa,East,Mario,62.29787883,39.5,6,0,0,1
Wednesday,28-May-14,36.97781432,Laura,West,Salvatore,54.42797083,44,4,0,0,0
Wednesday,28-May-14,37.37288691,Melissa,Centre,Salvatore,59.72322437,50.8,5,0,0,0
Wednesday,28-May-14,40.7783463,Melissa,West,Mario,59.89239584,43.5,3,1,0,0
Wednesday,28-May-14,32.01098187,Laura,East,Mario,69.97111894,60.2,3,0,0,0
Wednesday,28-May-14,32.60540895,Laura,West,Salvatore,61.95382866,41.4,4,0,0,0
Wednesday,28-May-14,37.0166916,Laura,Centre,Mario,52.85055749,45.9,2,0,0,0
Wednesday,28-May-14,31.52532782,Melissa,Centre,Salvatore,64.78125694,50,3,0,0,1
Wednesday,28-May-14,39.94816444,Laura,West,Mario,62.38141763,59.1,2,0,0,1
Wednesday,28-May-14,36.85718378,Laura,East,Salvatore,69.57950138,35.5,2,0,0,0
Wednesday,28-May-14,42.8829082,Melissa,West,Salvatore,65.14616944,60.1,5,1,1,0
Wednesday,28-May-14,41.7360208,Melissa,East,Salvatore,73.97053963,47,1,1,1,0
Wednesday,28-May-14,28.12826976,Melissa,West,Mario,69.03051893,26,1,0,0,0
Wednesday,28-May-14,31.72827897,Melissa,East,Mario,57.32433537,31.6,3,0,0,0
Wednesday,28-May-14,21.97454696,Laura,East,Mario,74.60988423,41.8,3,0,0,0
Wednesday,28-May-14,31.16199379,Melissa,West,Salvatore,66.59709634,53.8,4,0,0,1
Wednesday,28-May-14,36.56133144,Laura,West,Mario,57.1018408,46.3,2,0,0,0
Wednesday,28-May-14,42.86941535,Laura,West,Mario,61.44756177,55.9,5,1,0,1
Wednesday,28-May-14,38.10503135,Laura,Centre,Salvatore,63.16312833,44.1,4,0,0,0
Wednesday,28-May-14,33.47041186,Melissa,Centre,Salvatore,66.88564669,55.1,3,0,0,1
Wednesday,28-May-14,35.62032531,Laura,East,Mario,64.59097971,40.1,1,0,0,0
Wednesday,28-May-14,28.08710083,Melissa,West,Salvatore,58.59862009,57.1,3,0,0,0
Wednesday,28-May-14,32.26720037,Laura,Centre,Salvatore,55.94985493,44,3,0,0,0
Wednesday,28-May-14,22.136143,Melissa,East,Mario,68.33854667,33.4,1,0,0,0
Thursday,29-May-14,44.82017525,Laura,West,Salvatore,62.4376407,39.4,7,1,0,0
Thursday,29-May-14,43.2228197,Laura,Centre,Salvatore,54.34430374,47.3,6,1,1,1
Thursday,29-May-14,29.36724705,Laura,West,Salvatore,73.02461112,35.9,3,0,0,1
Thursday,29-May-14,48.71367293,Laura,West,Salvatore,53.99073893,48.1,3,1,1,0
Thursday,29-May-14,28.46076206,Melissa,West,Salvatore,67.81585129,58.7,2,0,0,0
Thursday,29-May-14,26.13746501,Laura,West,Bruno,73.16741863,38.4,2,0,0,0
Thursday,29-May-14,34.37977201,Melissa,East,Bruno,63.28763072,30.9,1,0,0,0
Thursday,29-May-14,41.40784989,Melissa,Centre,Bruno,58.09931489,59.5,2,1,1,0
Thursday,29-May-14,40.42022034,Laura,West,Salvatore,67.43688846,49.1,2,1,1,0
Thursday,29-May-14,28.63640057,Melissa,East,Salvatore,66.89817753,35.9,1,0,0,0
Thursday,29-May-14,42.93830996,Melissa,Centre,Bruno,58.94606813,56.5,5,1,1,0
Thursday,29-May-14,35.11431678,Melissa,West,Mario,67.30987492,41.6,1,0,0,0
Thursday,29-May-14,23.28542033,Melissa,East,Mario,70.51541047,29.1,2,0,0,0
Thursday,29-May-14,36.70816358,Laura,East,Bruno,59.2464169,48,6,0,0,0
Thursday,29-May-14,34.27482923,Melissa,Centre,Salvatore,56.39207197,38,4,0,0,0
Thursday,29-May-14,51.06535681,Laura,Centre,Mario,53.90839399,40.5,3,1,1,0
Thursday,29-May-14,32.09643685,Laura,East,Bruno,63.28586255,28.4,2,0,0,0
Thursday,29-May-14,37.65403359,Laura,East,Mario,54.33088123,58.8,4,0,0,0
Thursday,29-May-14,33.4140973,Laura,East,Mario,55.10390159,57.7,2,0,0,0
Thursday,29-May-14,38.83087728,Laura,Centre,Mario,41.75871798,46.7,5,0,0,0
Thursday,29-May-14,25.50140273,Melissa,Centre,Mario,67.50809736,45.4,2,0,0,0
Thursday,29-May-14,35.59266972,Laura,West,Salvatore,63.29889776,65.2,3,0,0,0
Thursday,29-May-14,42.52331846,Melissa,East,Bruno,58.97484244,38.8,2,1,1,0
Thursday,29-May-14,34.67454003,Melissa,East,Salvatore,53.83018055,63.1,3,0,0,1
Thursday,29-May-14,21.30978178,Laura,East,Mario,73.99176636,21.1,1,0,0,0
Thursday,29-May-14,30.03151194,Melissa,East,Salvatore,64.07178433,35,2,0,0,1
Thursday,29-May-14,42.59004115,Laura,West,Salvatore,64.79296694,38.9,2,1,0,0
Thursday,29-May-14,30.41941004,Melissa,Centre,Salvatore,71.69446318,45.6,4,0,0,1
Thursday,29-May-14,33.95472158,Laura,West,Bruno,68.06220517,43.1,2,0,0,0
Thursday,29-May-14,42.29501262,Laura,West,Mario,58.83347547,57.5,2,1,0,1
Thursday,29-May-14,38.38811327,Melissa,East,Salvatore,65.74854932,48.5,4,0,0,0
Thursday,29-May-14,32.67645138,Melissa,Centre,Salvatore,66.04544173,46.3,1,0,0,0
Thursday,29-May-14,42.46395344,Laura,Centre,Bruno,57.83441449,55.1,4,1,1,0
Thursday,29-May-14,28.17734867,Laura,Centre,Bruno,52.29620524,44,2,0,0,0
Thursday,29-May-14,34.38189507,Laura,West,Salvatore,64.62840046,50,2,0,0,0
Thursday,29-May-14,39.97948394,Laura,Centre,Mario,60.59968246,56.7,5,0,0,0
Thursday,29-May-14,41.07294367,Laura,Centre,Salvatore,48.49579951,49.7,4,1,1,0
Friday,30-May-14,43.37574045,Laura,Centre,Luigi,65.59961553,45.6,2,1,1,0
Friday,30-May-14,44.40559619,Melissa,Centre,Bruno,68.88023837,44.3,3,1,1,1
Friday,30-May-14,42.41497595,Melissa,East,Bruno,60.17873858,39.6,3,1,1,0
Friday,30-May-14,37.8124091,Laura,East,Mario,62.54267269,44.6,2,0,0,1
Friday,30-May-14,31.34118638,Melissa,West,Mario,66.40110444,48.2,3,0,0,0
Friday,30-May-14,27.41501443,Melissa,East,Salvatore,70.98772314,35,1,0,0,0
Friday,30-May-14,35.34335053,Melissa,East,Bruno,61.17183162,19.1,3,0,0,0
Friday,30-May-14,36.39508621,Laura,Centre,Bruno,64.23070543,63.1,2,0,0,0
Friday,30-May-14,42.69087841,Laura,Centre,Bruno,59.01789419,36.2,2,1,1,0
Friday,30-May-14,35.81381634,Melissa,West,Bruno,60.59232145,50.1,2,0,0,0
Friday,30-May-14,31.36047191,Melissa,East,Mario,66.8584442,32.7,2,0,0,0
Friday,30-May-14,36.18009664,Laura,West,Bruno,63.53478721,59.3,7,0,0,0
Friday,30-May-14,23.84094588,Melissa,East,Luigi,70.19584084,28.2,2,0,0,1
Friday,30-May-14,35.4156368,Melissa,East,Bruno,58.22502432,38.1,5,0,0,0
Friday,30-May-14,44.74765544,Melissa,Centre,Bruno,53.09317588,54.7,2,1,1,0
Friday,30-May-14,26.5080109,Laura,East,Luigi,72.75365367,22.3,2,0,0,0
Friday,30-May-14,29.83393489,Melissa,Centre,Mario,60.86646201,38.9,1,0,0,0
Friday,30-May-14,22.64008792,Melissa,East,Mario,75.89256081,18.9,1,0,0,1
Friday,30-May-14,45.4886327,Melissa,Centre,Bruno,64.96798181,49.6,2,1,1,0
Friday,30-May-14,33.3335073,Laura,West,Salvatore,72.87414115,44.2,2,0,0,1
Friday,30-May-14,34.96333342,Melissa,East,Salvatore,61.25585089,50.3,2,0,0,1
Friday,30-May-14,22.46552209,Laura,East,Salvatore,76.46743383,32.6,1,0,0,0
Friday,30-May-14,43.68105952,Melissa,Centre,Luigi,63.6284954,35.1,5,1,1,1
Friday,30-May-14,28.37367168,Melissa,Centre,Bruno,68.32205785,41.6,2,0,0,1
Friday,30-May-14,40.42854748,Laura,West,Bruno,63.96718332,40.2,3,1,1,0
Friday,30-May-14,30.09631574,Laura,West,Mario,56.28485825,33.4,3,0,0,0
Friday,30-May-14,23.59396072,Laura,East,Bruno,67.62244842,23.8,1,0,0,0
Friday,30-May-14,33.56752564,Melissa,Centre,Salvatore,52.97321355,52.4,4,0,0,0
Friday,30-May-14,29.95781202,Laura,East,Mario,64.93696346,43.8,3,0,0,0
Friday,30-May-14,32.27218816,Laura,East,Luigi,61.14746255,34.9,3,0,0,1
Friday,30-May-14,30.79278885,Laura,East,Luigi,71.74179121,28,1,0,0,1
Friday,30-May-14,39.83162029,Melissa,East,Bruno,64.90900548,61.4,3,0,0,0
Friday,30-May-14,28.42583341,Melissa,Centre,Mario,60.84652409,36,2,0,0,0
Friday,30-May-14,26.33128506,Melissa,West,Mario,48.98510771,36.7,1,0,0,0
Friday,30-May-14,33.17860505,Laura,West,Bruno,56.99453524,31,2,0,0,0
Friday,30-May-14,31.80846391,Melissa,East,Mario,53.72355951,30,3,0,0,0
Friday,30-May-14,30.51772807,Melissa,East,Salvatore,71.04987313,46.3,2,0,0,0
Friday,30-May-14,36.67964236,Melissa,Centre,Bruno,60.29811203,45.1,3,0,0,0
Friday,30-May-14,28.33914932,Laura,East,Mario,67.01691859,25.6,3,0,0,0
Friday,30-May-14,36.1041696,Melissa,West,Salvatore,58.38010937,49.6,3,0,0,0
Friday,30-May-14,31.76415913,Melissa,East,Bruno,71.27257666,24.5,4,0,0,0
Friday,30-May-14,37.55363156,Melissa,East,Mario,63.74899683,42.1,3,0,0,0
Friday,30-May-14,26.96190475,Melissa,East,Salvatore,75.25619415,28,3,0,0,0
Friday,30-May-14,47.0367896,Laura,Centre,Luigi,55.20428068,41.6,4,1,1,0
Friday,30-May-14,35.22976187,Laura,West,Mario,71.28608316,27.4,4,0,0,0
Friday,30-May-14,24.42573923,Laura,East,Luigi,58.05840084,31.8,2,0,0,1
Friday,30-May-14,34.73326582,Laura,Centre,Bruno,59.05501101,43.4,4,0,0,0
Friday,30-May-14,36.92408346,Laura,East,Salvatore,62.84586005,15.6,1,0,0,1
Saturday,31-May-14,28.80367253,Melissa,East,Luigi,50.49106234,29.8,1,0,0,0
Saturday,31-May-14,29.57178748,Melissa,Centre,Domenico,70.8499476,33.8,1,0,0,1
Saturday,31-May-14,31.67634938,Melissa,West,Domenico,70.29796955,59.7,3,0,0,0
Saturday,31-May-14,23.76736407,Melissa,West,Domenico,73.49470262,23,1,0,0,0
Saturday,31-May-14,25.70024418,Laura,East,Domenico,73.28314113,35.6,2,0,0,0
Saturday,31-May-14,41.12205985,Melissa,Centre,Salvatore,63.44371266,52.2,4,1,1,0
Saturday,31-May-14,32.65653294,Laura,East,Mario,70.21312018,42.3,4,0,0,0
Saturday,31-May-14,28.48066138,Melissa,West,Luigi,68.25216088,37.2,1,0,0,0
Saturday,31-May-14,47.27931651,Melissa,West,Bruno,59.48804891,42.7,3,1,1,0
Saturday,31-May-14,29.57619891,Melissa,East,Salvatore,60.02763659,36.7,2,0,0,1
Saturday,31-May-14,38.07306134,Melissa,Centre,Mario,49.97441417,38.4,4,0,0,0
Saturday,31-May-14,32.12349363,Melissa,East,Mario,67.40751779,46.4,2,0,0,1
Saturday,31-May-14,35.21648653,Melissa,West,Luigi,61.50980987,37,2,0,0,1
Saturday,31-May-14,27.35947939,Laura,Centre,Domenico,57.94544796,53,2,0,0,1
Saturday,31-May-14,30.66684341,Melissa,Centre,Bruno,66.87234103,53.8,3,0,0,1
Saturday,31-May-14,27.45496807,Melissa,East,Luigi,63.6322133,47.7,2,0,0,0
Saturday,31-May-14,25.78478294,Laura,East,Luigi,63.31682015,43.5,5,0,0,1
Saturday,31-May-14,34.89259242,Laura,West,Mario,70.72375569,31.5,2,0,0,0
Saturday,31-May-14,35.28230067,Melissa,West,Luigi,57.28017869,54.5,3,0,0,0
Saturday,31-May-14,28.09136431,Laura,East,Mario,69.20633433,45.1,2,0,0,1
Saturday,31-May-14,47.25235565,Laura,Centre,Bruno,57.79677375,39.9,7,1,1,1
Saturday,31-May-14,37.72636397,Laura,Centre,Bruno,60.42161818,58.1,3,0,0,0
Saturday,31-May-14,43.47906544,Melissa,West,Domenico,55.93895095,28.7,3,1,0,0
Saturday,31-May-14,35.72672597,Melissa,East,Luigi,69.88778845,32,3,0,0,1
Saturday,31-May-14,21.31446976,Laura,East,Domenico,74.90202413,29.7,5,0,0,1
Saturday,31-May-14,36.73513203,Laura,West,Salvatore,56.15431496,55.1,7,0,0,0
Saturday,31-May-14,30.59713561,Laura,West,Domenico,66.24100496,58.6,2,0,0,0
Saturday,31-May-14,39.61529277,Laura,West,Luigi,60.80230978,39.2,1,0,0,0
Saturday,31-May-14,35.21520472,Laura,Centre,Salvatore,56.303326,47.1,4,0,0,0
Saturday,31-May-14,30.63879126,Laura,East,Domenico,66.67234923,25.2,1,0,0,0
Saturday,31-May-14,34.35696524,Laura,Centre,Bruno,61.16477299,50.4,3,0,0,0
Saturday,31-May-14,34.23362218,Laura,West,Bruno,66.91445619,52,7,0,0,1
Saturday,31-May-14,37.8667824,Melissa,West,Bruno,56.22961843,55.8,6,0,0,0
Saturday,31-May-14,40.86871724,Laura,West,Luigi,65.63442266,37.2,3,1,1,0
Saturday,31-May-14,42.31476716,Laura,Centre,Salvatore,66.35178894,48.5,4,1,1,0
Saturday,31-May-14,29.13345891,Laura,East,Salvatore,61.44568284,38.9,2,0,0,0
Saturday,31-May-14,42.41926415,Melissa,Centre,Salvatore,64.76122543,52.9,4,1,1,1
Saturday,31-May-14,26.36247216,Laura,Centre,Domenico,66.16404123,45.6,2,0,0,0
Saturday,31-May-14,34.32362687,Laura,Centre,Luigi,47.16328757,71.3,4,0,0,1
Saturday,31-May-14,39.17277862,Laura,East,Domenico,54.04255428,31.4,3,0,0,0
Saturday,31-May-14,36.29089329,Melissa,West,Salvatore,57.27153985,40,2,0,0,0
Saturday,31-May-14,42.90127718,Melissa,Centre,Bruno,55.9646694,49.8,4,1,1,1
Saturday,31-May-14,38.63942013,Laura,West,Mario,63.12642423,46.7,4,0,0,0
Saturday,31-May-14,33.81297061,Laura,East,Domenico,56.30272745,32,1,0,0,0
Saturday,31-May-14,33.14008002,Laura,Centre,Luigi,57.97716815,45.7,3,0,0,1
Saturday,31-May-14,36.88054621,Laura,Centre,Salvatore,52.795834,39,5,0,0,1
Saturday,31-May-14,35.73753383,Melissa,West,Bruno,58.64275877,42.7,3,0,0,0
